step,read_time_sec,compute_time_sec,write_time_sec,data_read_mb,data_written_mb,read_throughput_mb_s,write_throughput_mb_s,cumulative_read_time,cumulative_write_time
1,1.797855,0.500648,0.001568,128.000000,0.196842,71.195969,125.546241,1.797855,0.001568
2,1.464528,0.502846,0.046076,128.000000,0.196842,87.400179,4.272093,3.262382,0.047644
3,1.566389,0.496168,0.001169,128.000000,0.196842,81.716620,168.344788,4.828771,0.048813
4,1.746748,0.503848,0.001453,128.000000,0.196842,73.279023,135.459896,6.575519,0.050267
5,1.579324,0.504632,0.099860,128.000000,0.196842,81.047334,1.971183,8.154843,0.150127
6,1.958537,0.498959,0.045393,128.000000,0.196842,65.354902,4.336430,10.113381,0.195519
7,1.997417,0.500721,0.001270,128.000000,0.196842,64.082759,154.954444,12.110798,0.196790
8,1.934157,0.504367,0.038626,128.000000,0.196842,66.178714,5.096141,14.044954,0.235415
9,1.815889,0.504999,0.155620,128.000000,0.196842,70.488888,1.264889,15.860843,0.391035
10,2.415966,0.502330,0.001292,128.000000,0.196842,52.980883,152.328701,18.276809,0.392328
11,2.480530,0.505419,0.001410,128.000000,0.196842,51.601880,139.611027,20.757339,0.393738
12,2.343742,0.510774,0.020884,128.000000,0.196842,54.613527,9.425503,23.101081,0.414622
13,2.465739,0.510302,0.001209,128.000000,0.196842,51.911420,162.814325,25.566819,0.415831
14,2.420164,0.511487,0.001326,128.000000,0.196842,52.888974,148.492456,27.986984,0.417156
15,2.347015,0.518285,0.001310,128.000000,0.196842,54.537361,150.250206,30.333998,0.418466
16,2.259005,0.514266,0.208443,128.000000,0.196842,56.662104,0.944346,32.593004,0.626909
17,2.396064,0.515021,0.001454,128.000000,0.196842,53.420952,135.336773,34.989068,0.628364
18,2.410652,0.521922,0.001250,128.000000,0.196842,53.097678,157.418973,37.399719,0.629614
19,2.438162,0.524592,0.001246,128.000000,0.196842,52.498560,158.040298,39.837881,0.630860
20,2.272068,0.529782,0.097540,128.000000,0.196842,56.336352,2.018073,42.109949,0.728399
21,2.332073,0.529001,0.050917,128.000000,0.196842,54.886783,3.865941,44.442022,0.779316
22,2.396108,0.531118,0.001248,128.000000,0.196842,53.419958,157.751650,46.838130,0.780564
23,2.343529,0.529771,0.030678,128.000000,0.196842,54.618492,6.416478,49.181659,0.811242
24,2.403553,0.535724,0.001218,128.000000,0.196842,53.254490,161.553299,51.585212,0.812460
25,2.431684,0.529376,0.001300,128.000000,0.196842,52.638416,151.370380,54.016896,0.813761
26,2.409567,0.538128,0.001287,128.000000,0.196842,53.121581,152.970071,56.426463,0.815047
27,2.338938,0.539646,0.001320,128.000000,0.196842,54.725699,149.117790,58.765401,0.816367
28,2.392647,0.540710,0.001249,128.000000,0.196842,53.497245,157.642874,61.158047,0.817616
29,2.308296,0.536578,0.003897,128.000000,0.196842,55.452163,50.507492,63.466343,0.821513
30,2.177578,0.539148,0.137335,128.000000,0.196842,58.780911,1.433304,65.643921,0.958848
31,2.388625,0.545208,0.001346,128.000000,0.196842,53.587326,146.233869,68.032545,0.960194
32,2.295657,0.546769,0.035234,128.000000,0.196842,55.757452,5.586699,70.328203,0.995428
33,2.158345,0.545597,0.151521,128.000000,0.196842,59.304704,1.299110,72.486547,1.146949
34,2.351585,0.544124,0.032643,128.000000,0.196842,54.431378,6.030214,74.838132,1.179592
35,2.339246,0.546460,0.001356,128.000000,0.196842,54.718491,145.164181,77.177378,1.180948
36,2.355175,0.548050,0.001317,128.000000,0.196842,54.348410,149.471074,79.532553,1.182264
37,2.294920,0.544768,0.076522,128.000000,0.196842,55.775368,2.572356,81.827473,1.258787
38,2.369809,0.541245,0.001323,128.000000,0.196842,54.012789,148.803398,84.197282,1.260109
39,2.361518,0.541288,0.001259,128.000000,0.196842,54.202415,156.403082,86.558800,1.261368
40,2.367205,0.539159,0.001300,128.000000,0.196842,54.072201,151.428720,88.926005,1.262668
41,2.433899,1.682409,0.001307,128.000000,0.196842,52.590522,150.572361,91.359904,1.263975
42,2.183341,1.678024,0.001185,128.000000,0.196842,58.625743,166.160633,93.543245,1.265160
43,2.312663,0.543139,0.036194,128.000000,0.196842,55.347440,5.438460,95.855909,1.301354
44,2.325316,0.539373,0.001425,128.000000,0.196842,55.046294,138.122660,98.181224,1.302779
45,2.253337,0.541777,0.075897,128.000000,0.196842,56.804650,2.593557,100.434561,1.378676
46,2.293962,0.541365,0.020654,128.000000,0.196842,55.798651,9.530295,102.728523,1.399330
47,2.348791,0.541173,0.001193,128.000000,0.196842,54.496117,165.062123,105.077314,1.400523
48,2.304221,0.537464,0.050437,128.000000,0.196842,55.550217,3.902743,107.381536,1.450960
49,2.352364,0.540358,0.001341,128.000000,0.196842,54.413338,146.820791,109.733900,1.452301
50,2.392120,0.540160,0.001325,128.000000,0.196842,53.509012,148.530216,112.126021,1.453626
51,2.111382,0.542464,0.211722,128.000000,0.196842,60.623809,0.929719,114.237402,1.665348
52,2.431306,0.543848,0.447124,128.000000,0.196842,52.646602,0.440241,116.668708,2.112472
53,1.911250,0.546832,0.001583,128.000000,0.196842,66.971878,124.374985,118.579958,2.114055
54,2.272291,0.544828,0.001308,128.000000,0.196842,56.330822,150.541039,120.852249,2.115362
55,2.333701,0.541984,0.004935,128.000000,0.196842,54.848495,39.884828,123.185950,2.120298
56,2.369523,0.537487,0.001392,128.000000,0.196842,54.019302,141.361790,125.555474,2.121690
57,2.184198,0.541004,0.160621,128.000000,0.196842,58.602751,1.225506,127.739671,2.282311
58,2.250869,0.539306,0.065024,128.000000,0.196842,56.866915,3.027204,129.990541,2.347336
59,2.443565,0.543153,0.001406,128.000000,0.196842,52.382472,139.973187,132.434106,2.348742
60,2.425738,0.543437,0.001251,128.000000,0.196842,52.767442,157.345361,134.859844,2.349993
61,2.274704,0.542331,0.057539,128.000000,0.196842,56.271051,3.421013,137.134549,2.407532
62,2.332023,0.549037,0.008492,128.000000,0.196842,54.887964,23.179700,139.466572,2.416024
63,2.285480,0.539111,0.032336,128.000000,0.196842,56.005740,6.087420,141.752052,2.448360
64,2.364469,0.541180,0.001225,128.000000,0.196842,54.134769,160.628105,144.116521,2.449585
65,2.380610,0.539894,0.001323,128.000000,0.196842,53.767724,148.775056,146.497132,2.450908
66,2.368381,0.540253,0.001399,128.000000,0.196842,54.045366,140.697945,148.865512,2.452308
67,2.418309,0.539950,0.001260,128.000000,0.196842,52.929548,156.164472,151.283821,2.453568
68,2.411377,0.542209,0.001336,128.000000,0.196842,53.081711,147.346015,153.695198,2.454904
69,2.359946,0.541084,0.001251,128.000000,0.196842,54.238518,157.352782,156.055144,2.456155
70,2.400278,0.545748,0.001325,128.000000,0.196842,53.327146,148.579097,158.455423,2.457480
71,2.284314,0.540884,0.024552,128.000000,0.196842,56.034325,8.017418,160.739737,2.482032
72,2.378123,0.545996,0.001292,128.000000,0.196842,53.823967,152.318799,163.117860,2.483324
73,2.296592,0.542077,0.032331,128.000000,0.196842,55.734767,6.088391,165.414451,2.515655
74,2.415939,0.539502,0.001303,128.000000,0.196842,52.981474,151.126444,167.830390,2.516957
75,2.258141,0.541431,0.001195,128.000000,0.196842,56.683800,164.671342,170.088531,2.518152
76,2.370886,0.542032,0.001493,128.000000,0.196842,53.988254,131.828741,172.459417,2.519646
77,2.243913,0.541399,0.056134,128.000000,0.196842,57.043221,3.506661,174.703329,2.575779
78,2.366455,0.542028,0.001392,128.000000,0.196842,54.089335,141.383620,177.069785,2.577172
79,2.237617,0.542854,0.122262,128.000000,0.196842,57.203704,1.610000,179.307402,2.699434
80,2.383381,0.538611,0.001441,128.000000,0.196842,53.705226,136.557703,181.690783,2.700875
81,2.362086,0.538169,0.004494,128.000000,0.196842,54.189379,43.800585,184.052869,2.705369
82,2.250350,0.540703,0.008502,128.000000,0.196842,56.880031,23.151619,186.303220,2.713872
83,2.255828,0.541026,0.104388,128.000000,0.196842,56.741918,1.885676,188.559048,2.818260
84,2.405034,0.535828,0.001353,128.000000,0.196842,53.221707,145.530046,190.964081,2.819612
85,3.469673,0.537519,0.001192,128.000000,0.196842,36.891088,165.172512,194.433754,2.820804
86,2.398130,0.542351,0.001331,128.000000,0.196842,53.374929,147.928130,196.831884,2.822135
87,2.115614,0.537736,0.195121,128.000000,0.196842,60.502541,1.008820,198.947497,3.017256
88,2.316513,0.542008,0.037523,128.000000,0.196842,55.255470,5.245902,201.264010,3.054779
89,2.380737,0.542515,0.001244,128.000000,0.196842,53.764868,158.170591,203.644747,3.056024
90,2.305764,0.536858,0.015436,128.000000,0.196842,55.513058,12.752263,205.950511,3.071460
91,2.051027,0.543421,0.315905,128.000000,0.196842,62.407748,0.623105,208.001538,3.387365
92,2.272747,0.547156,0.004512,128.000000,0.196842,56.319517,43.623637,210.274285,3.391877
93,2.294988,0.545008,0.037056,128.000000,0.196842,55.773709,5.312069,212.569273,3.428933
94,2.252330,0.545102,0.076230,128.000000,0.196842,56.830045,2.582205,214.821603,3.505163
95,2.409433,0.545647,0.001353,128.000000,0.196842,53.124536,145.472398,217.231036,3.506516
96,2.317375,0.544229,0.008396,128.000000,0.196842,55.234911,23.443463,219.548411,3.514913
97,2.374153,0.543978,0.001323,128.000000,0.196842,53.913963,148.764712,221.922564,3.516236
98,2.280437,0.541874,0.023789,128.000000,0.196842,56.129587,8.274618,224.203001,3.540025
99,2.435506,0.543231,0.001257,128.000000,0.196842,52.555805,156.594570,226.638507,3.541282
100,2.312515,0.543644,0.042640,128.000000,0.196842,55.350984,4.616415,228.951023,3.583921
101,2.297253,0.543996,0.033655,128.000000,0.196842,55.718723,5.848902,231.248275,3.617576
102,2.408294,0.541265,0.001457,128.000000,0.196842,53.149653,135.094998,233.656570,3.619033
103,2.245044,0.545320,0.050402,128.000000,0.196842,57.014475,3.905443,235.901614,3.669435
104,2.326264,0.543890,0.001328,128.000000,0.196842,55.023839,148.252341,238.227878,3.670763
105,2.347174,0.545111,0.001258,128.000000,0.196842,54.533667,156.449449,240.575052,3.672021
106,2.312569,0.546033,0.014356,128.000000,0.196842,55.349706,13.711369,242.887621,3.686377
107,2.427432,0.540624,0.001318,128.000000,0.196842,52.730620,149.309171,245.315053,3.687695
108,2.464186,0.544741,0.001297,128.000000,0.196842,51.944137,151.794925,247.779239,3.688992
109,2.355736,0.545785,0.005019,128.000000,0.196842,54.335472,39.221757,250.134974,3.694011
110,2.380902,0.541467,0.001343,128.000000,0.196842,53.761128,146.615089,252.515876,3.695353
111,2.215837,0.543084,0.014005,128.000000,0.196842,57.765992,14.055002,254.731713,3.709358
112,2.171889,0.539257,0.225932,128.000000,0.196842,58.934870,0.871245,256.903602,3.935291
113,2.327258,0.545174,0.041370,128.000000,0.196842,55.000358,4.758082,259.230860,3.976661
114,2.465512,0.546052,0.001326,128.000000,0.196842,51.916200,148.414644,261.696371,3.977987
115,2.369966,0.546525,0.004205,128.000000,0.196842,54.009206,46.807966,264.066338,3.982192
116,2.369796,0.542987,0.001243,128.000000,0.196842,54.013087,158.363250,266.436134,3.983435
117,2.381350,0.548771,0.001322,128.000000,0.196842,53.751027,148.856624,268.817484,3.984758
118,2.346356,0.539010,0.001344,128.000000,0.196842,54.552665,146.497571,271.163840,3.986101
119,2.338133,0.546665,0.001255,128.000000,0.196842,54.744545,156.855993,273.501973,3.987356
120,2.337416,0.546360,0.001252,128.000000,0.196842,54.761322,157.283882,275.839389,3.988608
121,2.408207,0.542564,0.001251,128.000000,0.196842,53.151571,157.351524,278.247596,3.989859
122,2.420461,0.546728,0.001306,128.000000,0.196842,52.882487,150.716703,280.668057,3.991165
123,2.339398,0.545864,0.001242,128.000000,0.196842,54.714922,158.480040,283.007455,3.992407
124,2.245074,0.544758,0.082919,128.000000,0.196842,57.013718,2.373923,285.252529,4.075325
125,2.392986,0.540333,0.001262,128.000000,0.196842,53.489662,156.003824,287.645515,4.076587
126,2.329776,0.543007,0.033023,128.000000,0.196842,54.940897,5.960777,289.975291,4.109610
127,2.308924,0.545271,0.104866,128.000000,0.196842,55.437069,1.877082,292.284216,4.214476
128,2.133023,0.545290,0.199195,128.000000,0.196842,60.008730,0.988190,294.417239,4.413671
129,2.396538,0.545445,0.001263,128.000000,0.196842,53.410388,155.859919,296.813776,4.414934
130,2.350908,0.544230,0.020239,128.000000,0.196842,54.447045,9.725911,299.164684,4.435173
131,2.390859,0.541257,0.001276,128.000000,0.196842,53.537254,154.238812,301.555543,4.436449
132,2.358987,0.545531,0.008005,128.000000,0.196842,54.260576,24.591395,303.914530,4.444453
133,2.396099,0.544554,0.001287,128.000000,0.196842,53.420159,152.937863,306.310629,4.445740
134,2.359637,0.547005,0.001385,128.000000,0.196842,54.245623,142.124020,308.670266,4.447125
135,2.375828,0.545645,0.001295,128.000000,0.196842,53.875963,151.997586,311.046094,4.448421
136,2.331736,0.545656,0.001333,128.000000,0.196842,54.894714,147.674988,313.377830,4.449753
137,2.201949,0.542046,0.113108,128.000000,0.196842,58.130322,1.740309,315.579779,4.562861
138,2.293995,0.544465,0.035720,128.000000,0.196842,55.797864,5.510677,317.873774,4.598581
139,2.391295,0.544417,0.001328,128.000000,0.196842,53.527478,148.175449,320.265069,4.599910
140,2.335234,0.541292,0.001326,128.000000,0.196842,54.812488,148.456283,322.600303,4.601236
141,2.320198,0.543694,0.001397,128.000000,0.196842,55.167712,140.871840,324.920501,4.602633
142,2.392568,0.545574,0.001405,128.000000,0.196842,53.498997,140.056248,327.313069,4.604038
143,2.299903,0.547582,0.078122,128.000000,0.196842,55.654513,2.519686,329.612973,4.682160
144,2.298740,0.545241,0.046747,128.000000,0.196842,55.682675,4.210824,331.911713,4.728907
145,2.376270,0.546370,0.001353,128.000000,0.196842,53.865944,145.433061,334.287982,4.730260
146,2.384190,0.546897,0.001324,128.000000,0.196842,53.686986,148.726158,336.672173,4.731584
147,2.271908,0.542598,0.021428,128.000000,0.196842,56.340308,9.186324,338.944081,4.753012
148,2.100316,0.547658,0.224587,128.000000,0.196842,60.943214,0.876463,341.044397,4.977598
149,2.376156,0.541726,0.001361,128.000000,0.196842,53.868520,144.681375,343.420553,4.978959
150,2.364905,0.549501,0.001312,128.000000,0.196842,54.124802,150.074483,345.785457,4.980271
151,2.301984,0.547245,0.001346,128.000000,0.196842,55.604221,146.226373,348.087441,4.981617
152,2.379066,0.545906,0.001520,128.000000,0.196842,53.802619,129.543119,350.466507,4.983136
153,2.396299,0.544881,0.001369,128.000000,0.196842,53.415713,143.816587,352.862806,4.984505
154,2.390304,0.546995,0.001456,128.000000,0.196842,53.549680,135.190565,355.253110,4.985961
155,2.291536,0.540758,0.053112,128.000000,0.196842,55.857732,3.706189,357.544645,5.039073
156,2.200315,0.543880,0.112938,128.000000,0.196842,58.173488,1.742928,359.744961,5.152010
157,2.395563,0.546713,0.001433,128.000000,0.196842,53.432106,137.350673,362.140524,5.153444
158,2.291417,0.547332,0.001188,128.000000,0.196842,55.860630,165.658198,364.431941,5.154632
159,2.433084,0.547125,0.001251,128.000000,0.196842,52.608139,157.377188,366.865025,5.155883
160,2.450141,0.548695,0.001326,128.000000,0.196842,52.241888,148.447550,369.315166,5.157209
161,2.319706,0.542930,0.022162,128.000000,0.196842,55.179418,8.881951,371.634871,5.179371
162,2.371052,0.543308,0.009758,128.000000,0.196842,53.984480,20.171914,374.005923,5.189129
163,2.358633,0.544630,0.001231,128.000000,0.196842,54.268713,159.884818,376.364557,5.190360
164,2.378911,0.547431,0.001243,128.000000,0.196842,53.806128,158.380324,378.743468,5.191603
165,2.348527,0.548875,0.058460,128.000000,0.196842,54.502249,3.367151,381.091995,5.250062
166,2.250467,0.545555,0.102915,128.000000,0.196842,56.877094,1.912671,383.342461,5.352977
167,2.393600,0.548243,0.001307,128.000000,0.196842,53.475946,150.616603,385.736061,5.354284
168,2.163029,0.545264,0.181330,128.000000,0.196842,59.176283,1.085546,387.899089,5.535614
169,2.386647,0.540611,0.001326,128.000000,0.196842,53.631718,148.469272,390.285737,5.536940
170,2.363337,0.544994,0.001251,128.000000,0.196842,54.160706,157.320839,392.649074,5.538191
171,2.266686,0.543282,0.130910,128.000000,0.196842,56.470097,1.503650,394.915760,5.669101
172,2.412664,0.543716,0.001369,128.000000,0.196842,53.053397,143.826885,397.328424,5.670470
173,2.120360,0.543311,0.158066,128.000000,0.196842,60.367102,1.245313,399.448784,5.828536
174,2.394086,0.543409,0.001387,128.000000,0.196842,53.465075,141.914172,401.842870,5.829923
175,2.366435,0.547395,0.001222,128.000000,0.196842,54.089808,161.105327,404.209305,5.831145
176,2.432534,0.544824,0.001283,128.000000,0.196842,52.620022,153.397433,406.641839,5.832428
177,2.343090,0.546219,0.005838,128.000000,0.196842,54.628722,33.718684,408.984929,5.838266
178,2.475221,0.547954,0.001265,128.000000,0.196842,51.712564,155.619148,411.460149,5.839531
179,2.411860,0.543564,0.001247,128.000000,0.196842,53.071066,157.829946,413.872010,5.840778
180,2.321947,0.547368,0.013015,128.000000,0.196842,55.126142,15.124367,416.193957,5.853793
181,2.406080,0.545806,0.001226,128.000000,0.196842,53.198560,160.607922,418.600037,5.855019
182,2.393752,0.546359,0.001276,128.000000,0.196842,53.472545,154.286444,420.993789,5.856294
183,2.371039,0.547628,0.001272,128.000000,0.196842,53.984772,154.744799,423.364828,5.857566
184,2.308892,0.544471,0.051527,128.000000,0.196842,55.437836,3.820188,425.673721,5.909093
185,2.283087,0.547665,0.147237,128.000000,0.196842,56.064444,1.336907,427.956807,6.056330
186,2.390459,0.543769,0.001249,128.000000,0.196842,53.546210,157.566908,430.347266,6.057580
187,2.400718,0.546662,0.001313,128.000000,0.196842,53.317390,149.959809,432.747984,6.058892
188,2.240066,0.545125,0.058098,128.000000,0.196842,57.141176,3.388100,434.988050,6.116990
189,2.208600,0.550040,0.110498,128.000000,0.196842,57.955260,1.781403,437.196650,6.227489
190,2.353829,0.543875,0.001332,128.000000,0.196842,54.379472,147.744263,439.550479,6.228821
191,2.279802,0.541779,0.007985,128.000000,0.196842,56.145220,24.651996,441.830282,6.236806
192,2.277396,0.539767,0.087225,128.000000,0.196842,56.204546,2.256726,444.107677,6.324031
193,2.192362,0.548076,0.194081,128.000000,0.196842,58.384514,1.014229,446.300040,6.518111
194,2.348481,0.546587,0.001318,128.000000,0.196842,54.503318,149.364120,448.648520,6.519429
195,2.400515,0.547291,0.001253,128.000000,0.196842,53.321900,157.116159,451.049035,6.520682
196,2.359428,0.542091,0.001388,128.000000,0.196842,54.250439,141.852503,453.408463,6.522070
197,2.400243,0.547266,0.001257,128.000000,0.196842,53.327942,156.545627,455.808706,6.523327
198,2.396699,0.548868,0.001324,128.000000,0.196842,53.406789,148.689983,458.205405,6.524651
199,2.399243,0.546635,0.001279,128.000000,0.196842,53.350171,153.957007,460.604647,6.525929
200,2.288325,0.546577,0.009598,128.000000,0.196842,55.936104,20.507743,462.892972,6.535528
201,2.397400,0.543482,0.001258,128.000000,0.196842,53.391184,156.484522,465.290372,6.536786
202,2.342073,0.543570,0.001260,128.000000,0.196842,54.652427,156.208466,467.632446,6.538046
203,2.207786,0.542825,0.121476,128.000000,0.196842,57.976645,1.620417,469.840231,6.659522
204,2.368625,0.549863,0.001340,128.000000,0.196842,54.039794,146.863512,472.208856,6.660862
205,2.401674,0.546230,0.001253,128.000000,0.196842,53.296154,157.150277,474.610530,6.662115
206,2.387721,0.549740,0.001271,128.000000,0.196842,53.607592,154.872151,476.998252,6.663386
207,2.404186,0.546833,0.001259,128.000000,0.196842,53.240466,156.386928,479.402438,6.664645
208,2.253981,0.542700,0.104823,128.000000,0.196842,56.788424,1.877856,481.656419,6.769468
209,2.260065,0.546517,0.079462,128.000000,0.196842,56.635536,2.477182,483.916484,6.848930
210,2.245128,0.548819,0.093480,128.000000,0.196842,57.012340,2.105709,486.161612,6.942410
211,2.221005,0.547167,0.106054,128.000000,0.196842,57.631558,1.856051,488.382617,7.048464
212,2.000800,0.549728,0.349424,128.000000,0.196842,63.974405,0.563333,490.383417,7.397888
213,2.224456,0.547917,0.147136,128.000000,0.196842,57.542167,1.337824,492.607873,7.545024
214,2.377585,0.546098,0.001461,128.000000,0.196842,53.836132,134.703294,494.985458,7.546486
215,2.354736,0.549161,0.268458,128.000000,0.196842,54.358524,0.733232,497.340195,7.814944
216,2.158797,0.542567,0.001345,128.000000,0.196842,59.292283,146.367941,499.498992,7.816289
217,2.291864,0.546262,0.023410,128.000000,0.196842,55.849725,8.408496,501.790856,7.839699
218,2.315817,0.550622,0.012567,128.000000,0.196842,55.272081,15.663582,504.106673,7.852265
219,2.405488,0.545907,0.001416,128.000000,0.196842,53.211649,139.040932,506.512161,7.853681
220,2.329620,0.546032,0.001218,128.000000,0.196842,54.944583,161.674445,508.841781,7.854899
221,2.469945,0.547370,0.001252,128.000000,0.196842,51.823008,157.160314,511.311726,7.856151
222,2.368612,0.544576,0.001309,128.000000,0.196842,54.040089,150.366473,513.680338,7.857460
223,2.382556,0.550918,0.001279,128.000000,0.196842,53.723813,153.926308,516.062895,7.858739
224,2.319974,0.545647,0.001229,128.000000,0.196842,55.173035,160.121003,518.382868,7.859968
225,2.226821,0.543985,0.130575,128.000000,0.196842,57.481051,1.507507,520.609689,7.990543
226,2.397492,0.544279,0.001250,128.000000,0.196842,53.389120,157.487866,523.007181,7.991793
227,2.247353,0.551513,0.089611,128.000000,0.196842,56.955887,2.196630,525.254535,8.081404
228,2.364098,0.544820,0.001305,128.000000,0.196842,54.143268,150.894166,527.618633,8.082708
229,2.233113,0.549528,0.206167,128.000000,0.196842,57.319082,0.954769,529.851746,8.288876
230,2.313742,0.550421,0.002506,128.000000,0.196842,55.321628,78.556167,532.165489,8.291382
231,2.402867,0.547698,0.001340,128.000000,0.196842,53.269691,146.910206,534.568356,8.292721
232,2.329380,0.549774,0.001683,128.000000,0.196842,54.950238,116.953835,536.897736,8.294405
233,2.396403,0.550607,0.001306,128.000000,0.196842,53.413378,150.674363,539.294140,8.295711
234,2.343928,0.547929,0.009015,128.000000,0.196842,54.609189,21.834612,541.638067,8.304726
235,2.162539,0.546077,0.127762,128.000000,0.196842,59.189671,1.540700,543.800607,8.432488
236,2.306545,0.548419,0.011694,128.000000,0.196842,55.494261,16.832868,546.107152,8.444182
237,2.367470,0.547195,0.001255,128.000000,0.196842,54.066158,156.881621,548.474622,8.445436
238,2.392755,0.550157,0.001328,128.000000,0.196842,53.494820,148.217289,550.867377,8.446764
239,2.416925,0.550220,0.001430,128.000000,0.196842,52.959851,137.650632,553.284302,8.448194
240,2.246482,0.548770,0.111175,128.000000,0.196842,56.977974,1.770554,555.530784,8.559370
241,2.280303,0.549169,0.084648,128.000000,0.196842,56.132897,2.325430,557.811087,8.644017
242,2.313044,0.546281,0.057322,128.000000,0.196842,55.338344,3.433948,560.124130,8.701340
243,2.396942,0.547397,0.001316,128.000000,0.196842,53.401385,149.629005,562.521072,8.702655
244,2.325353,0.542494,0.014015,128.000000,0.196842,55.045396,14.045244,564.846425,8.716670
245,2.341811,0.547611,0.001256,128.000000,0.196842,54.658556,156.682945,567.188236,8.717927
246,2.349631,0.548616,0.001266,128.000000,0.196842,54.476635,155.533075,569.537867,8.719192
247,2.369797,0.545198,0.001274,128.000000,0.196842,54.013066,154.503214,571.907664,8.720466
248,2.377431,0.547929,0.001326,128.000000,0.196842,53.839623,148.434789,574.285095,8.721792
249,2.187312,0.548910,0.115099,128.000000,0.196842,58.519311,1.710203,576.472408,8.836891
250,2.345935,0.544406,0.001287,128.000000,0.196842,54.562460,152.979939,578.818343,8.838178
251,2.302297,0.547405,0.059682,128.000000,0.196842,55.596649,3.298208,581.120640,8.897859
252,2.282680,0.549775,0.075608,128.000000,0.196842,56.074441,2.603459,583.403320,8.973467
253,2.131653,0.552100,0.247615,128.000000,0.196842,60.047303,0.794954,585.534973,9.221082
254,2.332493,0.551299,0.092309,128.000000,0.196842,54.876896,2.132421,587.867466,9.313391
255,2.277360,0.545030,0.066563,128.000000,0.196842,56.205431,2.957237,590.144826,9.379954
256,2.412325,0.547182,0.001324,128.000000,0.196842,53.060846,148.717731,592.557151,9.381278
257,2.262421,0.542818,0.047611,128.000000,0.196842,56.576559,4.134373,594.819572,9.428889
258,2.383002,0.547766,0.001452,128.000000,0.196842,53.713760,135.568583,597.202574,9.430341
259,2.329969,0.548357,0.040055,128.000000,0.196842,54.936362,4.914343,599.532543,9.470395
260,2.371245,0.615670,0.001334,128.000000,0.196842,53.980080,147.514850,601.903788,9.471730
261,2.384906,0.550122,0.001264,128.000000,0.196842,53.670883,155.689799,604.288694,9.472994
262,2.295937,0.549751,0.033467,128.000000,0.196842,55.750667,5.881752,606.584630,9.506461
263,5.125083,0.549376,0.001473,128.000000,0.196842,24.975206,133.626275,611.709713,9.507934
264,2.436150,0.546029,0.001386,128.000000,0.196842,52.541914,142.026396,614.145864,9.509320
265,2.444487,0.551354,0.055380,128.000000,0.196842,52.362729,3.554416,616.590350,9.564699
266,2.139527,0.547396,0.276248,128.000000,0.196842,59.826303,0.712556,618.729877,9.840947
267,2.408489,0.549547,0.001234,128.000000,0.196842,53.145363,159.488154,621.138366,9.842182
268,2.332229,0.547697,0.022442,128.000000,0.196842,54.883119,8.771012,623.470595,9.864624
269,2.360782,0.572058,0.124699,128.000000,0.196842,54.219331,1.578534,625.831377,9.989323
270,2.162404,0.548723,0.517279,128.000000,0.196842,59.193372,0.380534,627.993781,10.506603
271,2.584945,0.556234,0.001230,128.000000,0.196842,49.517488,160.005815,630.578726,10.507833
272,2.351740,0.542025,0.110519,128.000000,0.196842,54.427788,1.781074,632.930466,10.618352
273,2.442644,0.550888,0.001482,128.000000,0.196842,52.402231,132.815092,635.373110,10.619834
274,2.433920,0.549530,0.015968,128.000000,0.196842,52.590057,12.327570,637.807030,10.635802
275,2.594622,0.547247,0.001246,128.000000,0.196842,49.332818,158.023424,640.401652,10.637047
276,2.360792,0.548033,0.001252,128.000000,0.196842,54.219099,157.172612,642.762444,10.638300
277,2.347485,0.551364,0.068237,128.000000,0.196842,54.526448,2.884681,645.109929,10.706537
278,2.354594,0.543000,0.001307,128.000000,0.196842,54.361819,150.578581,647.464522,10.707844
279,2.367356,0.548550,0.001248,128.000000,0.196842,54.068749,157.680884,649.831879,10.709092
280,2.420500,0.540391,0.001385,128.000000,0.196842,52.881630,142.134693,652.252379,10.710477
281,2.173425,0.548414,0.305667,128.000000,0.196842,58.893215,0.643975,654.425804,11.016145
282,2.406934,0.548062,0.004579,128.000000,0.196842,53.179683,42.989045,656.832739,11.020723
283,2.406916,0.545733,0.039292,128.000000,0.196842,53.180075,5.009737,659.239655,11.060015
284,2.212797,0.550452,0.244212,128.000000,0.196842,57.845340,0.806029,661.452452,11.304228
285,2.333898,0.546274,0.011357,128.000000,0.196842,54.843878,17.332910,663.786350,11.315584
286,2.298043,0.550519,0.088351,128.000000,0.196842,55.699576,2.227963,666.084392,11.403935
287,2.442866,0.552007,0.001266,128.000000,0.196842,52.397478,155.486144,668.527258,11.405201
288,2.334734,0.552973,0.001286,128.000000,0.196842,54.824238,153.068088,670.861992,11.406487
289,2.385921,0.552749,0.001406,128.000000,0.196842,53.648038,140.022374,673.247913,11.407893
290,2.371712,0.548722,0.066250,128.000000,0.196842,53.969443,2.971185,675.619626,11.474143
291,2.503459,0.550933,0.001264,128.000000,0.196842,51.129256,155.723670,678.123085,11.475407
292,2.451161,0.548761,0.001299,128.000000,0.196842,52.220156,151.521622,680.574246,11.476706
293,2.307788,0.549561,0.153018,128.000000,0.196842,55.464375,1.286398,682.882033,11.629724
294,2.604532,0.552395,0.001378,128.000000,0.196842,49.145103,142.882482,685.486565,11.631102
295,2.347319,0.549134,0.005467,128.000000,0.196842,54.530290,36.002467,687.833885,11.636569
296,2.429153,0.546625,0.001389,128.000000,0.196842,52.693261,141.765665,690.263038,11.637958
297,2.658817,0.550267,0.001333,128.000000,0.196842,48.141715,147.650286,692.921854,11.639291
298,2.569989,0.548408,0.001306,128.000000,0.196842,49.805668,150.751908,695.491843,11.640597
299,2.284853,0.553574,0.050417,128.000000,0.196842,56.021120,3.904285,697.776696,11.691014
300,2.249865,0.547843,0.198325,128.000000,0.196842,56.892296,0.992522,700.026561,11.889339
301,2.224757,0.551555,0.262511,128.000000,0.196842,57.534374,0.749845,702.251318,12.151850
302,2.350977,0.545871,0.068583,128.000000,0.196842,54.445448,2.870118,704.602295,12.220433
303,2.375388,0.554132,0.001316,128.000000,0.196842,53.885926,149.622636,706.977683,12.221749
304,2.450146,0.548908,0.001266,128.000000,0.196842,52.241787,155.481969,709.427829,12.223015
305,2.431812,0.547600,0.001271,128.000000,0.196842,52.635653,154.921882,711.859641,12.224285
306,2.375356,0.549653,0.001192,128.000000,0.196842,53.886669,165.078596,714.234997,12.225478
307,2.590891,0.553344,0.001327,128.000000,0.196842,49.403852,148.359273,716.825888,12.226804
308,2.424260,0.547897,0.001392,128.000000,0.196842,52.799620,141.426589,719.250147,12.228196
309,2.295067,0.550531,0.177962,128.000000,0.196842,55.771801,1.106091,721.545214,12.406158
310,2.385175,0.544929,0.001267,128.000000,0.196842,53.664833,155.333508,723.930389,12.407425
311,2.421430,0.548584,0.001297,128.000000,0.196842,52.861317,151.801129,726.351819,12.408722
312,2.321470,0.552697,0.125176,128.000000,0.196842,55.137485,1.572529,728.673289,12.533898
313,2.521883,0.551677,0.001338,128.000000,0.196842,50.755734,147.076175,731.195171,12.535236
314,2.417630,0.550767,0.001263,128.000000,0.196842,52.944414,155.825618,733.612801,12.536499
315,2.400230,0.547226,0.001344,128.000000,0.196842,53.328221,146.467594,736.013031,12.537843
316,2.327092,0.549529,0.031551,128.000000,0.196842,55.004277,6.238877,738.340123,12.569394
317,2.328318,0.546656,0.031384,128.000000,0.196842,54.975316,6.271963,740.668441,12.600779
318,2.052221,0.547140,0.298656,128.000000,0.196842,62.371450,0.659094,742.720662,12.899434
319,2.464015,0.551053,0.001268,128.000000,0.196842,51.947734,155.202827,745.184677,12.900703
320,2.472560,0.549737,0.001371,128.000000,0.196842,51.768214,143.546840,747.657237,12.902074
321,2.352376,0.552687,0.011878,128.000000,0.196842,54.413065,16.572632,750.009613,12.913952
322,2.452093,0.551836,0.001343,128.000000,0.196842,52.200309,146.594999,752.461706,12.915294
323,2.380224,0.550759,0.476974,128.000000,0.196842,53.776442,0.412690,754.841930,13.392268
324,2.112764,0.555544,0.001259,128.000000,0.196842,60.584158,156.332900,756.954694,13.393527
325,2.347270,0.551565,0.165849,128.000000,0.196842,54.531427,1.186876,759.301964,13.559376
326,2.457319,0.550380,0.001299,128.000000,0.196842,52.089279,151.518240,761.759283,13.560675
327,2.324080,0.550778,0.009866,128.000000,0.196842,55.075546,19.951997,764.083364,13.570541
328,2.257760,0.553005,0.188092,128.000000,0.196842,56.693371,1.046521,766.341123,13.758633
329,2.455947,0.547758,0.001291,128.000000,0.196842,52.118385,152.421294,768.797071,13.759924
330,2.328992,0.554852,0.012893,128.000000,0.196842,54.959403,15.267320,771.126063,13.772817
331,2.309915,0.548798,0.007198,128.000000,0.196842,55.413295,27.348610,773.435977,13.780015
332,2.537859,0.552157,0.001361,128.000000,0.196842,50.436222,144.601343,775.973836,13.781376
333,2.339294,0.548713,0.011297,128.000000,0.196842,54.717374,17.425048,778.313130,13.792673
334,2.401239,0.548246,0.003011,128.000000,0.196842,53.305815,65.369257,780.714369,13.795684
335,2.510057,0.546222,0.001331,128.000000,0.196842,50.994857,147.908789,783.224426,13.797015
336,2.502727,0.551290,0.001244,128.000000,0.196842,51.144221,158.227678,785.727152,13.798259
337,2.478092,0.547251,0.009842,128.000000,0.196842,51.652651,20.000975,788.205244,13.808100
338,2.516794,0.550479,0.001288,128.000000,0.196842,50.858357,152.780698,790.722038,13.809389
339,2.422627,0.551488,0.019647,128.000000,0.196842,52.835198,10.019025,793.144665,13.829036
340,2.450054,0.549242,0.001311,128.000000,0.196842,52.243754,150.089702,795.594719,13.830347
341,2.393992,0.550076,0.001357,128.000000,0.196842,53.467175,145.012644,797.988711,13.831704
342,2.238788,0.550060,0.040056,128.000000,0.196842,57.173792,4.914143,800.227499,13.871761
343,2.367300,0.552559,0.020711,128.000000,0.196842,54.070036,9.504412,802.594799,13.892471
344,2.368813,0.546821,0.047403,128.000000,0.196842,54.035495,4.152496,804.963612,13.939875
345,2.376393,0.553498,0.033664,128.000000,0.196842,53.863152,5.847220,807.340005,13.973539
346,2.453935,0.548425,0.001286,128.000000,0.196842,52.161118,153.052021,809.793940,13.974825
347,2.237069,0.547628,0.039466,128.000000,0.196842,57.217728,4.987683,812.031009,14.014291
348,2.361305,0.554489,0.001265,128.000000,0.196842,54.207320,155.546841,814.392314,14.015556
349,2.274133,0.549886,0.028013,128.000000,0.196842,56.285190,7.026734,816.666447,14.043569
350,2.520577,0.547229,0.001274,128.000000,0.196842,50.782020,154.519951,819.187024,14.044843
351,2.273702,0.551663,0.150799,128.000000,0.196842,56.295855,1.305324,821.460726,14.195643
352,2.352067,0.551294,0.147872,128.000000,0.196842,54.420222,1.331162,823.812793,14.343515
353,2.331039,0.553721,0.001263,128.000000,0.196842,54.911125,155.860906,826.143832,14.344778
354,2.556990,0.553239,0.001342,128.000000,0.196842,50.058854,146.673865,828.700822,14.346120
355,2.370476,0.550869,0.001307,128.000000,0.196842,53.997592,150.582267,831.071298,14.347427
356,2.277752,0.552702,0.051158,128.000000,0.196842,56.195767,3.847755,833.349050,14.398585
357,2.387893,0.549866,0.001275,128.000000,0.196842,53.603739,154.368115,835.736943,14.399860
358,2.405362,0.550045,0.001405,128.000000,0.196842,53.214448,140.089639,838.142305,14.401265
359,2.379181,0.553425,0.001408,128.000000,0.196842,53.800022,139.794652,840.521486,14.402673
360,2.487414,0.555093,0.001345,128.000000,0.196842,51.459056,146.306474,843.008901,14.404019
361,2.682010,0.554380,0.001261,128.000000,0.196842,47.725408,156.154313,845.690910,14.405279
362,2.345881,0.549183,0.001250,128.000000,0.196842,54.563732,157.412805,848.036791,14.406530
363,2.717611,0.550408,0.001259,128.000000,0.196842,47.100200,156.311796,850.754401,14.407789
364,2.349605,0.547598,0.385911,128.000000,0.196842,54.477243,0.510071,853.104006,14.793700
365,2.552622,0.551510,0.001391,128.000000,0.196842,50.144528,141.461145,855.656628,14.795092
366,2.397201,0.556452,0.220805,128.000000,0.196842,53.395606,0.891477,858.053829,15.015896
367,2.491355,0.548573,0.083339,128.000000,0.196842,51.377666,2.361949,860.545184,15.099235
368,2.509047,0.552540,0.192361,128.000000,0.196842,51.015385,1.023294,863.054231,15.291597
369,3.209297,0.547678,0.842389,128.000000,0.196842,39.884130,0.233671,866.263527,16.133986
370,1.974120,0.551100,0.001339,128.000000,0.196842,64.839007,146.978107,868.237647,16.135325
371,2.551659,0.550601,0.001241,128.000000,0.196842,50.163448,158.619751,870.789306,16.136566
372,2.943029,0.554171,0.815746,128.000000,0.196842,43.492604,0.241303,873.732335,16.952313
373,2.275174,0.552687,0.001320,128.000000,0.196842,56.259445,149.138918,876.007509,16.953633
374,2.492286,0.550537,0.001476,128.000000,0.196842,51.358475,133.341864,878.499795,16.955109
375,2.711373,0.556417,0.440260,128.000000,0.196842,47.208559,0.447105,881.211167,17.395369
376,2.538520,0.548805,0.001316,128.000000,0.196842,50.423073,149.620020,883.749688,17.396684
377,2.367948,0.552202,0.168555,128.000000,0.196842,54.055241,1.167825,886.117636,17.565239
378,2.363702,0.551282,0.532600,128.000000,0.196842,54.152332,0.369587,888.481338,18.097839
379,2.206713,0.552979,0.001338,128.000000,0.196842,58.004834,147.142910,890.688051,18.099177
380,2.452118,0.550135,0.001363,128.000000,0.196842,52.199779,144.425331,893.140168,18.100540
381,2.370758,0.551928,0.001355,128.000000,0.196842,53.991179,145.225120,895.510926,18.101895
382,2.568503,0.549653,0.001280,128.000000,0.196842,49.834467,153.827069,898.079429,18.103175
383,2.372856,0.558589,0.001261,128.000000,0.196842,53.943438,156.129294,900.452285,18.104436
384,2.450207,0.549601,0.001388,128.000000,0.196842,52.240484,141.812238,902.902492,18.105824
385,2.278832,0.555190,0.150727,128.000000,0.196842,56.169129,1.305948,905.181324,18.256551
386,2.361485,0.550593,0.023660,128.000000,0.196842,54.203181,8.319573,907.542809,18.280211
387,2.398116,0.559032,0.921785,128.000000,0.196842,53.375222,0.213544,909.940926,19.201997
388,2.129518,0.550068,0.001261,128.000000,0.196842,60.107512,156.136849,912.070443,19.203257
389,2.676323,0.548576,0.001309,128.000000,0.196842,47.826814,150.420364,914.746766,19.204566
390,2.482031,0.551495,0.395492,128.000000,0.196842,51.570680,0.497715,917.228797,19.600058
391,2.659627,0.554409,0.001218,128.000000,0.196842,48.127055,161.566029,919.888423,19.601276
392,2.459435,0.547187,0.121695,128.000000,0.196842,52.044467,1.617504,922.347859,19.722971
393,2.773538,0.546276,0.001304,128.000000,0.196842,46.150438,151.003670,925.121397,19.724275
394,2.383332,0.554641,0.130657,128.000000,0.196842,53.706317,1.506561,927.504729,19.854932
395,2.434631,0.558554,0.127047,128.000000,0.196842,52.574705,1.549359,929.939360,19.981979
396,2.334581,0.557562,0.001273,128.000000,0.196842,54.827830,154.657018,932.273941,19.983252
397,2.404130,0.549707,0.090934,128.000000,0.196842,53.241718,2.164676,934.678070,20.074186
398,2.445289,0.553800,0.236236,128.000000,0.196842,52.345543,0.833246,937.123360,20.310421
399,2.414064,0.547946,0.001313,128.000000,0.196842,53.022616,149.899170,939.537424,20.311734
400,2.611359,0.551099,0.001379,128.000000,0.196842,49.016615,142.759892,942.148783,20.313113
401,2.609306,0.557711,0.001319,128.000000,0.196842,49.055192,149.282448,944.758089,20.314432
402,2.593392,0.549833,0.001260,128.000000,0.196842,49.356219,156.209458,947.351481,20.315692
403,2.230688,0.552090,0.204210,128.000000,0.196842,57.381404,0.963921,949.582169,20.519902
404,2.520163,0.548937,0.001339,128.000000,0.196842,50.790363,146.960001,952.102332,20.521241
405,2.188952,0.559471,1.356893,128.000000,0.196842,58.475467,0.145068,954.291284,21.878134
406,1.832818,0.555793,0.001346,128.000000,0.196842,69.837824,146.223440,956.124102,21.879481
407,2.488341,0.551918,0.001329,128.000000,0.196842,51.439902,148.120368,958.612442,21.880809
408,2.369446,0.557471,0.243801,128.000000,0.196842,54.021077,0.807389,960.981888,22.124611
409,2.525401,0.554109,0.001439,128.000000,0.196842,50.685012,136.775278,963.507289,22.126050
410,2.506954,0.551888,0.001288,128.000000,0.196842,51.057984,152.819959,966.014243,22.127338
411,2.418320,0.553064,0.001346,128.000000,0.196842,52.929300,146.238866,968.432563,22.128684
412,2.560036,0.553179,0.001187,128.000000,0.196842,49.999290,165.823848,970.992600,22.129871
413,2.427141,0.553401,0.035426,128.000000,0.196842,52.736952,5.556392,973.419740,22.165297
414,2.615431,0.556894,0.661457,128.000000,0.196842,48.940306,0.297589,976.035171,22.826754
415,2.196339,0.555884,0.717019,128.000000,0.196842,58.278794,0.274528,978.231511,23.543773
416,2.528294,0.554498,0.001228,128.000000,0.196842,50.627031,160.327978,980.759804,23.545001
417,2.345619,0.558031,0.163759,128.000000,0.196842,54.569821,1.202021,983.105423,23.708761
418,2.528119,0.547627,0.001281,128.000000,0.196842,50.630525,153.644684,985.633542,23.710042
419,2.434128,0.556964,0.072998,128.000000,0.196842,52.585558,2.696554,988.067671,23.783039
420,2.451750,0.553872,0.001463,128.000000,0.196842,52.207608,134.587523,990.519421,23.784502
421,2.468026,0.556141,0.338862,128.000000,0.196842,51.863319,0.580891,992.987446,24.123364
422,2.704133,0.552146,0.001285,128.000000,0.196842,47.334956,153.222027,995.691579,24.124649
423,2.820153,0.556650,0.001412,128.000000,0.196842,45.387602,139.383652,998.511732,24.126061
424,2.414491,0.549213,0.842673,128.000000,0.196842,53.013245,0.233593,1000.926223,24.968735
425,2.442151,0.553989,0.260376,128.000000,0.196842,52.412806,0.755991,1003.368374,25.229111
426,2.443093,0.556423,0.001265,128.000000,0.196842,52.392595,155.611275,1005.811468,25.230376
427,2.448867,0.555310,0.026503,128.000000,0.196842,52.269078,7.427146,1008.260334,25.256879
428,2.524309,0.553795,0.065087,128.000000,0.196842,50.706939,3.024286,1010.784644,25.321966
429,2.564185,0.556697,0.001406,128.000000,0.196842,49.918403,140.010722,1013.348828,25.323372
430,2.406572,0.557798,1.173912,128.000000,0.196842,53.187681,0.167681,1015.755401,26.497284
431,1.839512,0.552299,0.001278,128.000000,0.196842,69.583691,154.037366,1017.594912,26.498562
432,2.674861,0.547915,0.001266,128.000000,0.196842,47.852951,155.469320,1020.269773,26.499828
433,2.594724,0.554706,0.502877,128.000000,0.196842,49.330874,0.391432,1022.864497,27.002705
434,2.075733,0.552945,0.001281,128.000000,0.196842,61.664956,153.623220,1024.940230,27.003986
435,2.100485,0.557033,0.294812,128.000000,0.196842,60.938298,0.667688,1027.040716,27.298798
436,2.444712,0.552860,0.001358,128.000000,0.196842,52.357905,144.985728,1029.485428,27.300156
437,2.377373,0.555936,0.010303,128.000000,0.196842,53.840932,19.104812,1031.862801,27.310459
438,2.763875,0.553672,0.001264,128.000000,0.196842,46.311795,155.788251,1034.626676,27.311723
439,2.595901,0.558170,0.165218,128.000000,0.196842,49.308512,1.191410,1037.222577,27.476940
440,2.479729,0.557320,0.001187,128.000000,0.196842,51.618537,165.865627,1039.702306,27.478127
441,2.703207,0.555649,0.001368,128.000000,0.196842,47.351169,143.905430,1042.405513,27.479495
442,2.585971,0.553620,0.001232,128.000000,0.196842,49.497852,159.723168,1044.991484,27.480727
443,2.892658,0.559162,0.001262,128.000000,0.196842,44.249965,155.947836,1047.884141,27.481990
444,2.560757,0.558171,0.001288,128.000000,0.196842,49.985220,152.842386,1050.444898,27.483278
445,2.099135,0.558188,0.391145,128.000000,0.196842,60.977504,0.503246,1052.544033,27.874423
446,2.198096,0.556125,0.803554,128.000000,0.196842,58.232223,0.244964,1054.742129,28.677977
447,2.589011,0.555087,0.030350,128.000000,0.196842,49.439722,6.485778,1057.331140,28.708327
448,2.730897,0.552418,0.001337,128.000000,0.196842,46.871044,147.233379,1060.062037,28.709664
449,2.483382,0.553006,0.001330,128.000000,0.196842,51.542620,147.980064,1062.545419,28.710994
450,2.513696,0.556355,0.070172,128.000000,0.196842,50.921035,2.805122,1065.059115,28.781167
451,2.530177,0.554995,0.001261,128.000000,0.196842,50.589349,156.053914,1067.589292,28.782428
452,2.334255,0.555713,0.263739,128.000000,0.196842,54.835479,0.746353,1069.923547,29.046167
453,2.348889,0.554640,0.001315,128.000000,0.196842,54.493839,149.676678,1072.272436,29.047482
454,2.369000,0.560006,0.008336,128.000000,0.196842,54.031233,23.613544,1074.641437,29.055818
455,2.521937,0.560224,0.027399,128.000000,0.196842,50.754631,7.184155,1077.163374,29.083217
456,2.605885,0.554620,0.344946,128.000000,0.196842,49.119589,0.570646,1079.769259,29.428163
457,2.326313,0.557074,0.337501,128.000000,0.196842,55.022684,0.583234,1082.095572,29.765664
458,2.330476,0.553793,2.153908,128.000000,0.196842,54.924390,0.091388,1084.426049,31.919572
459,2.435356,0.558274,0.001351,128.000000,0.196842,52.559045,145.695174,1086.861405,31.920923
460,2.730935,0.556977,2.657029,128.000000,0.196842,46.870402,0.074084,1089.592339,34.577952
461,1.365533,0.554141,0.001408,128.000000,0.196842,93.736323,139.837058,1090.957872,34.579360
462,2.453653,0.560918,0.051753,128.000000,0.196842,52.167113,3.803517,1093.411525,34.631112
463,2.459758,0.552838,0.001250,128.000000,0.196842,52.037630,157.490386,1095.871284,34.632362
464,2.111984,0.554493,0.287854,128.000000,0.196842,60.606520,0.683828,1097.983268,34.920216
465,2.657531,0.554230,0.001256,128.000000,0.196842,48.165015,156.781908,1100.640798,34.921471
466,2.299756,0.559432,0.089527,128.000000,0.196842,55.658088,2.198698,1102.940554,35.010998
467,4.841934,0.559429,0.001346,128.000000,0.196842,26.435716,146.285381,1107.782488,35.012343
468,2.664419,0.559404,0.001323,128.000000,0.196842,48.040497,148.763925,1110.446907,35.013667
469,2.771150,0.553553,0.001316,128.000000,0.196842,46.190211,149.549202,1113.218057,35.014983
470,2.327241,0.558740,0.266854,128.000000,0.196842,55.000745,0.737639,1115.545298,35.281837
471,2.576070,0.551914,0.001392,128.000000,0.196842,49.688091,141.459722,1118.121368,35.283229
472,2.475503,0.553787,0.001269,128.000000,0.196842,51.706663,155.148391,1120.596871,35.284497
473,2.335152,0.556156,0.270608,128.000000,0.196842,54.814430,0.727407,1122.932022,35.555106
474,2.429753,0.558608,0.001237,128.000000,0.196842,52.680244,159.101941,1125.361776,35.556343
475,2.535308,0.556801,0.001297,128.000000,0.196842,50.486957,151.721682,1127.897084,35.557640
476,2.495918,0.559536,0.001270,128.000000,0.196842,51.283736,155.034138,1130.393002,35.558910
477,2.435251,0.558836,0.327992,128.000000,0.196842,52.561325,0.600144,1132.828253,35.886901
478,2.171912,0.555762,0.426012,128.000000,0.196842,58.934247,0.462058,1135.000165,36.312913
479,2.520174,0.560201,0.001272,128.000000,0.196842,50.790142,154.765118,1137.520339,36.314185
480,2.295132,0.555240,0.051895,128.000000,0.196842,55.770224,3.793106,1139.815470,36.366080
481,2.719123,0.560649,0.011116,128.000000,0.196842,47.073994,17.707507,1142.534594,36.377196
482,2.574576,0.556962,0.001268,128.000000,0.196842,49.716921,155.248730,1145.109170,36.378464
483,2.508085,0.561931,0.001365,128.000000,0.196842,51.034959,144.182018,1147.617254,36.379829
484,2.871552,0.556398,0.001267,128.000000,0.196842,44.575199,155.420096,1150.488806,36.381096
485,2.297701,0.562181,0.243629,128.000000,0.196842,55.707852,0.807960,1152.786508,36.624725
486,2.422282,0.556414,0.362125,128.000000,0.196842,52.842725,0.543575,1155.208790,36.986850
487,2.554535,0.559609,0.001283,128.000000,0.196842,50.106960,153.470388,1157.763325,36.988132
488,2.619015,0.567406,0.001255,128.000000,0.196842,48.873330,156.835372,1160.382341,36.989387
489,2.332171,0.559466,0.117846,128.000000,0.196842,54.884490,1.670335,1162.714511,37.107233
490,2.696479,0.552597,0.001342,128.000000,0.196842,47.469319,146.678127,1165.410990,37.108575
491,2.420062,0.559778,0.153382,128.000000,0.196842,52.891201,1.283343,1167.831052,37.261958
492,2.424823,0.557910,0.870724,128.000000,0.196842,52.787363,0.226067,1170.255875,38.132682
493,2.309537,0.552298,0.119253,128.000000,0.196842,55.422366,1.650620,1172.565412,38.251935
494,2.479474,0.558928,0.576198,128.000000,0.196842,51.623849,0.341623,1175.044886,38.828133
495,2.086088,0.560663,0.001359,128.000000,0.196842,61.358874,144.886801,1177.130974,38.829491
496,2.321381,0.561736,0.041687,128.000000,0.196842,55.139592,4.721911,1179.452355,38.871178
497,2.308587,0.560662,0.559859,128.000000,0.196842,55.445162,0.351592,1181.760942,39.431037
498,2.292531,0.557412,0.001276,128.000000,0.196842,55.833479,154.319707,1184.053474,39.432313
499,2.413266,0.553830,0.001416,128.000000,0.196842,53.040155,139.029933,1186.466739,39.433729
500,2.343601,0.558392,0.001330,128.000000,0.196842,54.616802,147.979731,1188.810341,39.435059
501,2.466183,0.556722,0.001260,128.000000,0.196842,51.902077,156.197063,1191.276523,39.436319
502,2.371579,0.553662,0.001280,128.000000,0.196842,53.972481,153.817453,1193.648102,39.437599
503,2.387376,0.560659,0.001315,128.000000,0.196842,53.615361,149.729733,1196.035478,39.438913
504,2.421499,0.557338,0.001350,128.000000,0.196842,52.859822,145.775126,1198.456977,39.440264
505,2.281719,0.559028,0.035423,128.000000,0.196842,56.098050,5.556863,1200.738696,39.475687
506,2.408527,0.563986,0.203559,128.000000,0.196842,53.144526,0.967002,1203.147222,39.679246
507,2.263701,0.558422,0.097646,128.000000,0.196842,56.544576,2.015886,1205.410923,39.776892
508,2.282262,0.557824,0.133711,128.000000,0.196842,56.084704,1.472145,1207.693185,39.910603
509,2.452458,0.558865,0.001261,128.000000,0.196842,52.192536,156.137096,1210.145643,39.911864
510,2.340289,0.562464,0.001278,128.000000,0.196842,54.694091,153.966280,1212.485933,39.913142
511,2.497048,0.563691,0.001359,128.000000,0.196842,51.260524,144.837228,1214.982981,39.914501
512,2.414352,0.556262,0.021931,128.000000,0.196842,53.016295,8.975717,1217.397333,39.936432
513,2.341036,0.560526,0.001207,128.000000,0.196842,54.676652,163.063979,1219.738369,39.937639
514,2.579055,0.556734,0.001278,128.000000,0.196842,49.630577,154.013262,1222.317424,39.938917
515,2.375654,0.555774,0.001424,128.000000,0.196842,53.879907,138.219842,1224.693078,39.940341
516,2.259292,0.560204,0.202703,128.000000,0.196842,56.654927,0.971088,1226.952369,40.143044
517,2.428106,0.556800,0.001408,128.000000,0.196842,52.715987,139.822059,1229.380475,40.144452
518,2.495864,0.558779,0.001268,128.000000,0.196842,51.284841,155.250689,1231.876339,40.145720
519,2.560898,0.556662,0.001347,128.000000,0.196842,49.982465,146.179896,1234.437237,40.147066
520,2.279480,0.563515,0.029354,128.000000,0.196842,56.153161,6.705817,1236.716717,40.176420
521,2.404898,0.566935,0.001388,128.000000,0.196842,53.224720,141.834923,1239.121615,40.177808
522,2.405508,0.560240,0.001275,128.000000,0.196842,53.211212,154.429153,1241.527123,40.179083
523,2.529951,0.559502,0.001270,128.000000,0.196842,50.593858,154.997393,1244.057074,40.180353
524,2.350413,0.560767,0.021265,128.000000,0.196842,54.458508,9.256764,1246.407488,40.201617
525,2.390849,0.556671,0.001285,128.000000,0.196842,53.537475,153.156577,1248.798336,40.202902
526,2.452796,0.558576,0.001268,128.000000,0.196842,52.185333,155.271998,1251.251133,40.204170
527,2.422442,0.560272,0.001263,128.000000,0.196842,52.839248,155.882259,1253.673574,40.205433
528,2.472642,0.564324,0.001221,128.000000,0.196842,51.766488,161.256972,1256.146217,40.206654
529,2.355572,0.565068,0.176927,128.000000,0.196842,54.339242,1.112563,1258.501789,40.383580
530,2.358160,0.562260,0.001269,128.000000,0.196842,54.279615,155.110247,1260.859948,40.384849
531,2.425159,0.559222,0.001448,128.000000,0.196842,52.780034,135.932856,1263.285108,40.386297
532,2.438173,0.556987,0.055137,128.000000,0.196842,52.498328,3.570043,1265.723281,40.441435
533,2.608749,0.559925,0.001269,128.000000,0.196842,49.065658,155.132373,1268.332030,40.442704
534,2.317006,0.560962,0.001368,128.000000,0.196842,55.243716,143.930052,1270.649036,40.444071
535,2.531378,0.560059,0.001346,128.000000,0.196842,50.565338,146.237671,1273.180414,40.445417
536,2.273715,0.561775,0.241621,128.000000,0.196842,56.295522,0.814673,1275.454129,40.687038
537,2.314361,0.556849,0.043023,128.000000,0.196842,55.306847,4.575280,1277.768490,40.730061
538,2.453430,0.557279,0.001266,128.000000,0.196842,52.171850,155.422796,1280.221921,40.731328
539,2.423639,0.558491,0.045179,128.000000,0.196842,52.813149,4.356968,1282.645559,40.776507
540,2.386691,0.556902,0.001319,128.000000,0.196842,53.630747,149.238534,1285.032250,40.777826
541,2.389386,0.559386,0.001266,128.000000,0.196842,53.570251,155.486022,1287.421636,40.779092
542,2.579100,0.562311,0.001390,128.000000,0.196842,49.629709,141.573367,1290.000736,40.780482
543,2.433778,0.555476,0.001276,128.000000,0.196842,52.593126,154.283300,1292.434514,40.781758
544,2.274387,0.563173,0.094950,128.000000,0.196842,56.278891,2.073108,1294.708902,40.876708
545,2.334624,0.558349,0.001343,128.000000,0.196842,54.826819,146.589868,1297.043526,40.878051
546,2.434750,0.557760,0.001317,128.000000,0.196842,52.572141,149.502860,1299.478275,40.879368
547,2.376301,0.555523,0.001200,128.000000,0.196842,53.865225,164.049379,1301.854577,40.880567
548,2.353289,0.557297,0.001251,128.000000,0.196842,54.391952,157.376307,1304.207866,40.881818
549,2.345977,0.567601,0.030554,128.000000,0.196842,54.561495,6.442512,1306.553843,40.912372
550,2.283902,0.559247,0.192966,128.000000,0.196842,56.044431,1.020088,1308.837745,41.105338
551,2.383414,0.566326,0.306944,128.000000,0.196842,53.704469,0.641297,1311.221159,41.412282
552,2.127837,0.559551,0.001265,128.000000,0.196842,60.154989,155.594300,1313.348996,41.413547
553,2.492696,0.557657,0.001265,128.000000,0.196842,51.350023,155.648435,1315.841692,41.414811
554,2.487446,0.564906,0.001255,128.000000,0.196842,51.458404,156.787028,1318.329138,41.416067
555,2.360400,0.563489,0.018603,128.000000,0.196842,54.228106,10.581316,1320.689538,41.434670
556,2.473793,0.556171,0.001265,128.000000,0.196842,51.742402,155.575362,1323.163331,41.435935
557,2.293634,0.555905,0.053415,128.000000,0.196842,55.806626,3.685181,1325.456965,41.489350
558,2.383679,0.561379,0.001260,128.000000,0.196842,53.698505,156.214045,1327.840644,41.490610
559,2.431943,0.558168,0.001434,128.000000,0.196842,52.632806,137.250976,1330.272588,41.492044
560,2.376791,0.562689,0.016245,128.000000,0.196842,53.854135,12.117339,1332.649378,41.508288
561,2.301040,0.563339,0.006210,128.000000,0.196842,55.627029,31.695916,1334.950418,41.514499
562,2.321226,0.562852,0.001236,128.000000,0.196842,55.143272,159.267747,1337.271644,41.515735
563,2.335365,0.558520,0.162147,128.000000,0.196842,54.809409,1.213975,1339.607009,41.677882
564,2.450684,0.560105,0.001284,128.000000,0.196842,52.230313,153.329802,1342.057693,41.679165
565,2.444678,0.559824,0.001321,128.000000,0.196842,52.358633,149.017997,1344.502371,41.680486
566,2.369380,0.554488,0.182626,128.000000,0.196842,54.022564,1.077841,1346.871752,41.863113
567,2.292004,0.562132,0.090981,128.000000,0.196842,55.846331,2.163560,1349.163756,41.954093
568,2.398585,0.565307,0.001203,128.000000,0.196842,53.364793,163.635618,1351.562341,41.955296
569,2.383925,0.561468,0.012833,128.000000,0.196842,53.692970,15.339226,1353.946265,41.968129
570,2.433921,0.560981,0.001327,128.000000,0.196842,52.590049,148.331436,1356.380186,41.969456
571,2.296559,0.557493,0.075419,128.000000,0.196842,55.735564,2.609994,1358.676745,42.044874
572,2.315330,0.560448,0.001263,128.000000,0.196842,55.283703,155.865966,1360.992074,42.046137
573,2.256089,0.559968,0.068688,128.000000,0.196842,56.735354,2.865753,1363.248163,42.114825
574,2.339157,0.560047,0.057550,128.000000,0.196842,54.720565,3.420373,1365.587320,42.172375
575,2.482189,0.574657,0.206407,128.000000,0.196842,51.567393,0.953662,1368.069509,42.378782
576,2.418143,0.557183,0.001242,128.000000,0.196842,52.933180,158.503776,1370.487652,42.380024
577,2.674016,0.551994,0.001386,128.000000,0.196842,47.868080,142.005084,1373.161668,42.381410
578,2.492005,0.563939,0.006368,128.000000,0.196842,51.364262,30.909513,1375.653673,42.387778
579,2.441494,0.559886,0.417076,128.000000,0.196842,52.426925,0.471958,1378.095167,42.804854
580,2.042989,0.562949,0.013439,128.000000,0.196842,62.653298,14.647135,1380.138156,42.818293
581,2.504203,0.562975,0.001334,128.000000,0.196842,51.114059,147.595706,1382.642359,42.819627
582,2.592668,0.556925,0.003753,128.000000,0.196842,49.369992,52.454086,1385.235027,42.823379
583,2.334945,0.555754,0.042121,128.000000,0.196842,54.819280,4.673200,1387.569972,42.865501
584,2.315397,0.559730,0.062744,128.000000,0.196842,55.282095,3.137210,1389.885369,42.928245
585,2.438388,0.557780,0.001409,128.000000,0.196842,52.493704,139.660059,1392.323757,42.929655
586,2.489984,0.561131,0.001286,128.000000,0.196842,51.405952,153.017755,1394.813741,42.930941
587,2.437673,0.556766,0.001250,128.000000,0.196842,52.509088,157.419225,1397.251414,42.932192
588,2.303033,0.559646,0.053386,128.000000,0.196842,55.578871,3.687126,1399.554447,42.985578
589,2.446415,0.554706,0.001248,128.000000,0.196842,52.321453,157.773904,1402.000863,42.986826
590,2.463139,0.559219,0.093180,128.000000,0.196842,51.966208,2.112494,1404.464002,43.080006
591,2.576912,0.554376,0.001354,128.000000,0.196842,49.671851,145.374095,1407.040914,43.081360
592,2.353305,0.557235,0.001247,128.000000,0.196842,54.391597,157.898185,1409.394219,43.082606
593,2.559524,0.555208,0.001371,128.000000,0.196842,50.009305,143.614706,1411.953742,43.083977
594,2.635854,0.555356,0.001262,128.000000,0.196842,48.561105,155.956115,1414.589597,43.085239
595,2.254901,0.556768,0.132609,128.000000,0.196842,56.765231,1.484384,1416.844498,43.217848
596,2.353443,0.562127,0.001236,128.000000,0.196842,54.388395,159.257180,1419.197941,43.219084
597,2.640300,0.558487,0.001310,128.000000,0.196842,48.479342,150.256514,1421.838241,43.220394
598,2.503611,0.562216,1.162589,128.000000,0.196842,51.126154,0.169314,1424.341852,44.382983
599,1.850161,0.562684,0.001249,128.000000,0.196842,69.183165,157.577882,1426.192013,44.384232
600,2.433416,0.562693,0.001331,128.000000,0.196842,52.600942,147.861237,1428.625430,44.385564
601,2.376501,0.559789,0.159595,128.000000,0.196842,53.860696,1.233387,1431.001931,44.545158
602,2.527989,0.561606,0.001410,128.000000,0.196842,50.633134,139.603106,1433.529920,44.546568
603,2.593384,0.556143,0.003947,128.000000,0.196842,49.356358,49.868539,1436.123304,44.550516
604,2.472013,0.558873,0.001384,128.000000,0.196842,51.779656,142.268959,1438.595317,44.551899
605,2.587148,0.564890,0.001337,128.000000,0.196842,49.475326,147.254196,1441.182465,44.553236
606,2.617672,0.560732,0.001276,128.000000,0.196842,48.898412,154.226848,1443.800137,44.554512
607,2.360931,0.557200,0.064954,128.000000,0.196842,54.215905,3.030507,1446.161068,44.619466
608,2.129335,0.565350,0.198271,128.000000,0.196842,60.112660,0.992792,1448.290403,44.817737
609,2.369009,0.561420,0.116200,128.000000,0.196842,54.031025,1.693993,1450.659412,44.933937
610,2.468575,0.560861,0.001387,128.000000,0.196842,51.851779,141.944565,1453.127987,44.935324
611,2.472945,0.564836,0.001345,128.000000,0.196842,51.760139,146.303973,1455.600933,44.936669
612,2.442154,0.561019,0.612812,128.000000,0.196842,52.412752,0.321211,1458.043087,45.549482
613,2.021759,0.557376,0.001272,128.000000,0.196842,63.311193,154.759399,1460.064846,45.550754
614,2.487548,0.558580,0.001470,128.000000,0.196842,51.456288,133.870100,1462.552394,45.552224
615,2.430165,0.558627,0.018317,128.000000,0.196842,52.671326,10.746382,1464.982559,45.570541
616,2.155551,0.560902,0.303672,128.000000,0.196842,59.381572,0.648208,1467.138110,45.874213
617,2.397633,0.560638,0.001360,128.000000,0.196842,53.385993,144.683715,1469.535743,45.875573
618,2.400566,0.556212,0.001273,128.000000,0.196842,53.320766,154.599321,1471.936308,45.876846
619,2.432710,0.557893,0.050924,128.000000,0.196842,52.616218,3.865400,1474.369018,45.927770
620,2.319837,0.559865,0.079809,128.000000,0.196842,55.176295,2.466404,1476.688855,46.007580
621,2.334588,0.556938,0.052847,128.000000,0.196842,54.827652,3.724763,1479.023443,46.060427
622,2.318948,0.557123,0.001227,128.000000,0.196842,55.197450,160.432908,1481.342391,46.061654
623,2.497399,0.557538,1.142970,128.000000,0.196842,51.253316,0.172220,1483.839791,47.204624
624,1.700505,0.556570,0.001324,128.000000,0.196842,75.271740,148.693128,1485.540296,47.205948
625,2.411765,0.558072,0.037978,128.000000,0.196842,53.073172,5.183084,1487.952061,47.243926
626,2.321599,0.557034,0.387220,128.000000,0.196842,55.134421,0.508347,1490.273659,47.631146
627,2.209220,0.556674,0.001353,128.000000,0.196842,57.939004,145.457564,1492.482879,47.632499
628,2.471758,0.563745,0.088562,128.000000,0.196842,51.785006,2.222642,1494.954637,47.721061
629,2.465711,0.562788,0.271080,128.000000,0.196842,51.912009,0.726140,1497.420348,47.992141
630,2.478967,0.563334,0.001405,128.000000,0.196842,51.634419,140.117561,1499.899314,47.993546
631,2.364880,0.560710,0.001223,128.000000,0.196842,54.125377,160.930411,1502.264194,47.994769
632,2.601784,0.562315,0.001276,128.000000,0.196842,49.197018,154.312085,1504.865978,47.996045
633,2.839109,0.561476,0.001253,128.000000,0.196842,45.084569,157.140115,1507.705087,47.997298
634,2.588681,0.560277,0.001314,128.000000,0.196842,49.446029,149.814290,1510.293768,47.998611
635,2.413026,0.562848,0.135093,128.000000,0.196842,53.045430,1.457082,1512.706794,48.133705
636,2.763176,0.559037,0.001257,128.000000,0.196842,46.323501,156.570157,1515.469970,48.134962
637,2.379893,0.561640,0.212033,128.000000,0.196842,53.783926,0.928354,1517.849863,48.346996
638,2.438725,0.548728,0.001306,128.000000,0.196842,52.486446,150.734130,1520.288588,48.348301
639,2.355767,0.563826,0.034701,128.000000,0.196842,54.334751,5.672580,1522.644355,48.383002
640,2.358004,0.557620,0.045373,128.000000,0.196842,54.283193,4.338280,1525.002359,48.428375
641,2.318644,0.561002,0.321145,128.000000,0.196842,55.204679,0.612938,1527.321003,48.749521
642,2.789155,0.562236,0.001394,128.000000,0.196842,45.892038,141.192356,1530.110158,48.750915
643,2.543224,0.556424,0.001279,128.000000,0.196842,50.329826,153.915836,1532.653382,48.752194
644,3.003628,0.553685,0.001332,128.000000,0.196842,42.615132,147.784417,1535.657009,48.753526
645,2.505760,0.560217,0.001360,128.000000,0.196842,51.082308,144.684246,1538.162769,48.754886
646,2.368131,0.562294,0.001279,128.000000,0.196842,54.051060,153.919327,1540.530900,48.756165
647,2.704274,0.558645,0.001288,128.000000,0.196842,47.332488,152.860071,1543.235174,48.757453
648,2.535056,0.555688,0.001257,128.000000,0.196842,50.491989,156.614879,1545.770230,48.758710
649,2.453971,0.558397,0.033024,128.000000,0.196842,52.160364,5.960601,1548.224200,48.791733
650,2.470278,0.556619,0.001334,128.000000,0.196842,51.816029,147.550677,1550.694478,48.793068
651,2.449649,0.560081,0.001508,128.000000,0.196842,52.252390,130.494922,1553.144127,48.794576
652,2.490030,0.561939,0.001501,128.000000,0.196842,51.405012,131.164733,1555.634157,48.796077
653,2.180900,0.559329,0.343290,128.000000,0.196842,58.691356,0.573398,1557.815057,49.139367
654,2.711432,0.556232,0.001317,128.000000,0.196842,47.207529,149.457341,1560.526489,49.140684
655,2.451689,0.558882,0.001403,128.000000,0.196842,52.208911,140.314523,1562.978178,49.142087
656,2.591843,0.559830,0.001270,128.000000,0.196842,49.385715,155.033039,1565.570020,49.143357
657,2.424855,0.561116,0.029355,128.000000,0.196842,52.786652,6.705507,1567.994876,49.172712
658,2.605822,0.558241,0.001335,128.000000,0.196842,49.120767,147.495175,1570.600698,49.174047
659,2.628647,0.558268,0.001323,128.000000,0.196842,48.694243,148.752345,1573.229346,49.175370
660,2.686439,0.560208,0.001270,128.000000,0.196842,47.646716,154.969205,1575.915785,49.176640
661,2.275270,0.558539,0.300371,128.000000,0.196842,56.257066,0.655329,1578.191055,49.477011
662,2.480548,0.563508,0.001355,128.000000,0.196842,51.601496,145.312280,1580.671603,49.478366
663,2.380645,0.558590,0.001213,128.000000,0.196842,53.766941,162.215509,1583.052248,49.479580
664,2.240038,0.556866,0.239512,128.000000,0.196842,57.141896,0.821846,1585.292286,49.719092
665,2.366014,0.561021,0.001208,128.000000,0.196842,54.099435,162.881418,1587.658299,49.720300
666,2.866200,0.556680,0.325186,128.000000,0.196842,44.658429,0.605322,1590.524499,50.045486
667,2.238419,0.561497,0.090724,128.000000,0.196842,57.183218,2.169672,1592.762918,50.136211
668,2.527777,0.560441,0.001345,128.000000,0.196842,50.637383,146.304191,1595.290695,50.137556
669,2.568405,0.560988,0.001303,128.000000,0.196842,49.836374,151.123312,1597.859100,50.138859
670,2.689336,0.556075,0.001331,128.000000,0.196842,47.595388,147.931910,1600.548436,50.140189
671,2.234100,0.562524,0.398873,128.000000,0.196842,57.293766,0.493496,1602.782536,50.539062
672,2.335576,0.564344,0.072195,128.000000,0.196842,54.804459,2.726524,1605.118113,50.611257
673,2.386778,0.557960,0.036084,128.000000,0.196842,53.628776,5.455138,1607.504891,50.647341
674,2.484414,0.560874,0.024830,128.000000,0.196842,51.521214,7.927608,1609.989305,50.672171
675,2.286868,0.561676,0.367780,128.000000,0.196842,55.971754,0.535217,1612.276172,51.039951
676,2.577102,0.558927,0.001340,128.000000,0.196842,49.668184,146.947385,1614.853275,51.041291
677,2.776506,0.553836,0.001275,128.000000,0.196842,46.101111,154.440421,1617.629781,51.042565
678,2.499253,0.556416,0.001272,128.000000,0.196842,51.215312,154.707826,1620.129033,51.043838
679,2.493880,0.557821,0.001328,128.000000,0.196842,51.325641,148.244748,1622.622913,51.045165
680,2.393402,0.563992,0.023113,128.000000,0.196842,53.480356,8.516520,1625.016316,51.068278
681,2.574467,0.562309,0.001386,128.000000,0.196842,49.719023,142.051814,1627.590783,51.069664
682,2.361243,0.564754,0.104264,128.000000,0.196842,54.208744,1.887921,1629.952026,51.173928
683,2.245966,0.557654,0.259780,128.000000,0.196842,56.991056,0.757726,1632.197992,51.433708
684,2.231004,0.562033,0.105033,128.000000,0.196842,57.373281,1.874099,1634.428996,51.538741
685,2.205805,0.559563,0.340398,128.000000,0.196842,58.028702,0.578271,1636.634801,51.879139
686,2.464944,0.559691,0.001205,128.000000,0.196842,51.928158,163.291369,1639.099745,51.880345
687,2.524342,0.559690,0.001273,128.000000,0.196842,50.706289,154.633326,1641.624086,51.881618
688,2.810377,0.549801,0.001410,128.000000,0.196842,45.545486,139.623306,1644.434464,51.883027
689,2.377903,0.557527,0.001403,128.000000,0.196842,53.828938,140.292922,1646.812367,51.884431
690,2.780310,0.563689,0.001248,128.000000,0.196842,46.038029,157.761006,1649.592677,51.885678
691,2.487716,0.556149,1.047079,128.000000,0.196842,51.452826,0.187992,1652.080393,52.932757
692,1.783619,0.557741,0.001338,128.000000,0.196842,71.764224,147.095958,1653.864011,52.934095
693,2.671328,0.561425,0.001322,128.000000,0.196842,47.916250,148.938957,1656.535339,52.935417
694,2.555604,0.557838,0.001286,128.000000,0.196842,50.086002,153.033934,1659.090943,52.936703
695,2.175640,0.561540,0.206569,128.000000,0.196842,58.833267,0.952911,1661.266583,53.143272
696,2.359399,0.556994,0.075593,128.000000,0.196842,54.251099,2.603984,1663.625982,53.218865
697,4.754799,0.564710,1.002791,128.000000,0.196842,26.920170,0.196294,1668.380781,54.221656
698,2.775755,0.562350,0.001234,128.000000,0.196842,46.113574,159.565079,1671.156536,54.222890
699,2.291455,0.561310,0.096191,128.000000,0.196842,55.859705,2.046361,1673.447991,54.319081
700,3.322867,0.565262,0.001320,128.000000,0.196842,38.520950,149.085151,1676.770859,54.320402
701,2.348692,0.556900,0.045303,128.000000,0.196842,54.498425,4.345058,1679.119550,54.365704
702,2.341914,0.558436,0.211156,128.000000,0.196842,54.656154,0.932212,1681.461464,54.576860
703,2.472670,0.557461,0.001252,128.000000,0.196842,51.765905,157.163075,1683.934134,54.578113
704,2.524898,0.555407,0.001314,128.000000,0.196842,50.695115,149.791831,1686.459032,54.579427
705,2.423089,0.554385,0.001463,128.000000,0.196842,52.825137,134.532241,1688.882121,54.580890
706,2.452280,0.558261,0.150299,128.000000,0.196842,52.196324,1.309669,1691.334401,54.731189
707,2.578214,0.559597,0.038988,128.000000,0.196842,49.646776,5.048821,1693.912615,54.770177
708,2.571777,0.559174,0.001329,128.000000,0.196842,49.771033,148.107886,1696.484392,54.771506
709,2.311721,0.559840,0.536006,128.000000,0.196842,55.369993,0.367239,1698.796113,55.307512
710,2.464064,0.565614,0.001295,128.000000,0.196842,51.946702,151.960389,1701.260177,55.308807
711,2.820498,0.560924,0.001238,128.000000,0.196842,45.382053,159.038824,1704.080676,55.310045
712,2.405378,0.562758,0.208562,128.000000,0.196842,53.214089,0.943807,1706.486054,55.518607
713,2.615943,0.560898,0.005557,128.000000,0.196842,48.930730,35.423297,1709.101997,55.524163
714,2.643198,0.560097,0.001323,128.000000,0.196842,48.426192,148.801148,1711.745194,55.525486
715,2.514132,0.563343,0.001348,128.000000,0.196842,50.912204,145.973929,1714.259326,55.526835
716,2.358523,0.562591,0.079516,128.000000,0.196842,54.271264,2.475499,1716.617849,55.606351
717,2.763058,0.563195,0.001294,128.000000,0.196842,46.325480,152.144675,1719.380907,55.607645
718,2.645784,0.557430,0.001264,128.000000,0.196842,48.378862,155.673300,1722.026691,55.608909
719,2.597003,0.564679,0.697591,128.000000,0.196842,49.287579,0.282174,1724.623694,56.306500
720,2.694267,0.562788,0.001383,128.000000,0.196842,47.508281,142.332225,1727.317961,56.307883
721,2.301399,0.558060,0.144130,128.000000,0.196842,55.618340,1.365728,1729.619360,56.452013
722,2.668218,0.557205,0.001243,128.000000,0.196842,47.972098,158.401863,1732.287578,56.453255
723,2.215052,0.559897,0.119963,128.000000,0.196842,57.786456,1.640857,1734.502630,56.573218
724,2.634092,0.559867,0.001408,128.000000,0.196842,48.593598,139.834376,1737.136722,56.574626
725,2.461466,0.559559,0.001260,128.000000,0.196842,52.001527,156.249509,1739.598188,56.575886
726,2.274756,0.560138,0.070663,128.000000,0.196842,56.269780,2.785647,1741.872943,56.646549
727,2.302483,0.556885,0.414981,128.000000,0.196842,55.592162,0.474341,1744.175426,57.061530
728,2.545705,0.562608,0.001349,128.000000,0.196842,50.280761,145.965810,1746.721132,57.062878
729,2.525382,0.561403,0.001440,128.000000,0.196842,50.685404,136.701664,1749.246513,57.064318
730,2.752784,0.560037,0.001360,128.000000,0.196842,46.498387,144.739568,1751.999297,57.065678
731,2.355623,0.559884,0.303613,128.000000,0.196842,54.338070,0.648332,1754.354920,57.369291
732,2.445817,0.557531,0.001359,128.000000,0.196842,52.334249,144.890000,1756.800737,57.370650
733,2.490118,0.559331,0.075504,128.000000,0.196842,51.403187,2.607060,1759.290855,57.446153
734,2.645131,0.558010,0.007224,128.000000,0.196842,48.390796,27.249460,1761.935986,57.453377
735,2.635520,0.560927,0.001302,128.000000,0.196842,48.567262,151.207359,1764.571506,57.454679
736,2.868428,0.556110,0.001257,128.000000,0.196842,44.623748,156.617246,1767.439934,57.455936
737,2.244852,0.562660,0.434961,128.000000,0.196842,57.019342,0.452552,1769.684786,57.890897
738,2.682687,0.561304,0.001273,128.000000,0.196842,47.713362,154.644017,1772.367473,57.892169
739,2.514908,0.555893,0.001306,128.000000,0.196842,50.896496,150.688089,1774.882381,57.893476
740,2.679544,0.565352,0.001272,128.000000,0.196842,47.769321,154.703692,1777.561925,57.894748
741,2.444400,0.561737,0.183146,128.000000,0.196842,52.364584,1.074782,1780.006325,58.077894
742,2.635178,0.554462,0.001281,128.000000,0.196842,48.573567,153.634371,1782.641503,58.079176
743,2.541560,0.562800,0.274839,128.000000,0.196842,50.362770,0.716209,1785.183063,58.354014
744,2.435649,0.555610,0.001325,128.000000,0.196842,52.552730,148.573153,1787.618712,58.355339
745,2.743324,0.560812,0.001273,128.000000,0.196842,46.658718,154.669048,1790.362037,58.356612
746,2.595331,0.561537,0.001278,128.000000,0.196842,49.319334,153.993381,1792.957368,58.357890
747,2.705044,0.564952,0.717611,128.000000,0.196842,47.319006,0.274302,1795.662412,59.075501
748,2.406897,0.558642,0.001403,128.000000,0.196842,53.180504,140.315524,1798.069309,59.076904
749,2.388382,0.562257,0.139155,128.000000,0.196842,53.592769,1.414553,1800.457691,59.216059
750,2.441332,0.563031,0.001402,128.000000,0.196842,52.430399,140.401895,1802.899023,59.217461
751,2.190974,0.561714,0.435644,128.000000,0.196842,58.421515,0.451842,1805.089996,59.653105
752,2.721588,0.552900,0.039800,128.000000,0.196842,47.031373,4.945798,1807.811584,59.692905
753,2.694530,0.554501,0.001316,128.000000,0.196842,47.503648,149.588184,1810.506114,59.694221
754,2.363449,0.562330,0.085602,128.000000,0.196842,54.158132,2.299496,1812.869563,59.779823
755,2.251513,0.561277,0.144989,128.000000,0.196842,56.850670,1.357638,1815.121076,59.924812
756,2.382191,0.559329,0.147813,128.000000,0.196842,53.732052,1.331695,1817.503267,60.072625
757,2.318517,0.556425,0.065196,128.000000,0.196842,55.207715,3.019229,1819.821783,60.137821
758,2.522979,0.563701,0.094537,128.000000,0.196842,50.733681,2.082172,1822.344762,60.232358
759,2.385631,0.561907,0.054189,128.000000,0.196842,53.654572,3.632486,1824.730393,60.286547
760,2.700945,0.555900,0.001273,128.000000,0.196842,47.390820,154.681081,1827.431338,60.287820
761,2.611948,0.560938,0.001254,128.000000,0.196842,49.005575,156.964812,1830.043285,60.289074
762,2.669536,0.559314,0.001239,128.000000,0.196842,47.948414,158.884651,1832.712821,60.290313
763,2.713519,0.560236,0.001277,128.000000,0.196842,47.171227,154.152086,1835.426340,60.291590
764,2.829029,0.557008,0.001450,128.000000,0.196842,45.245209,135.769436,1838.255368,60.293040
765,2.775052,0.557710,0.001271,128.000000,0.196842,46.125257,154.854850,1841.030421,60.294311
766,2.394862,0.563306,0.018462,128.000000,0.196842,53.447748,10.662115,1843.425283,60.312773
767,2.752566,0.554898,0.001317,128.000000,0.196842,46.502069,149.499795,1846.177849,60.314089
768,2.604493,0.564715,0.029901,128.000000,0.196842,49.145842,6.583094,1848.782342,60.343991
769,2.856004,0.561212,0.001355,128.000000,0.196842,44.817863,145.237549,1851.638346,60.345346
770,2.475099,0.557273,0.055891,128.000000,0.196842,51.715100,3.521864,1854.113445,60.401237
771,2.442449,0.561426,0.001208,128.000000,0.196842,52.406419,162.940338,1856.555894,60.402445
772,2.598926,0.553899,0.022650,128.000000,0.196842,49.251107,8.690726,1859.154820,60.425095
773,2.605175,0.558301,0.001253,128.000000,0.196842,49.132969,157.114779,1861.759996,60.426348
774,2.400930,0.563599,0.001226,128.000000,0.196842,53.312682,160.605563,1864.160925,60.427574
775,2.667418,0.556960,0.001298,128.000000,0.196842,47.986480,151.605296,1866.828343,60.428872
776,2.614400,0.562004,0.026642,128.000000,0.196842,48.959616,7.388487,1869.442743,60.455514
777,2.345206,0.559071,0.097462,128.000000,0.196842,54.579420,2.019674,1871.787949,60.552976
778,2.449267,0.560779,0.177032,128.000000,0.196842,52.260535,1.111903,1874.237216,60.730008
779,2.569735,0.554838,0.004818,128.000000,0.196842,49.810585,40.858134,1876.806951,60.734825
780,2.381226,0.557940,0.162855,128.000000,0.196842,53.753833,1.208694,1879.188177,60.897681
781,2.458516,0.563845,0.170592,128.000000,0.196842,52.063923,1.153878,1881.646693,61.068273
782,2.364777,0.559122,0.257420,128.000000,0.196842,54.127731,0.764672,1884.011470,61.325693
783,2.678063,0.561618,0.023268,128.000000,0.196842,47.795735,8.459746,1886.689533,61.348961
784,2.764553,0.557410,0.001251,128.000000,0.196842,46.300437,157.304998,1889.454086,61.350212
785,2.316526,0.559388,0.001364,128.000000,0.196842,55.255152,144.322934,1891.770612,61.351576
