timestamp,cpu_percent,memory_mb,rbd_usage_mb,io_read_mb,io_write_mb,net_rx_mb,net_tx_mb
1778624862.394068,0.0,1245,281784,0.000,0.000,0.000,0.000
1778624865.397232,0.0,1692,281349,26.544,0.000,28.376,0.326
1778624868.400306,0.0,1633,281349,73.258,0.000,75.716,0.834
1778624871.403967,0.0,1635,281349,82.566,0.164,87.141,1.074
1778624874.406607,0.0,1639,281349,85.258,0.003,89.402,1.167
1778624877.409336,0.0,1642,281350,78.595,0.157,80.544,1.009
1778624880.413097,0.0,1641,281350,73.242,0.001,77.196,0.852
1778624883.417090,0.0,1636,281351,67.910,0.000,70.642,0.754
1778624886.420877,0.0,1637,281351,71.909,0.007,74.714,0.830
1778624889.424579,0.0,1639,281351,74.575,0.000,77.689,0.897
1778624892.428274,0.0,1649,281352,67.916,0.004,74.615,0.851
1778624895.432189,0.0,1649,281352,77.233,0.000,80.804,0.975
1778624898.435769,0.0,1655,281352,85.232,0.004,89.369,1.063
1778624901.438403,0.0,1659,281353,85.258,0.000,89.396,1.014
1778624904.441056,0.0,1655,281353,85.258,0.000,89.393,1.054
1778624907.443790,0.0,1651,281353,74.599,1.323,74.571,2.312
1778624910.450383,0.0,1653,281354,71.842,0.000,76.818,0.933
1778624913.454127,0.0,1654,281354,73.242,0.009,75.787,0.909
1778624916.458363,0.0,1655,281355,70.567,0.001,76.728,0.926
1778624919.462104,0.0,1654,281355,77.237,0.008,75.660,0.914
1778624922.465882,0.0,1657,281355,67.914,0.000,73.516,0.830
1778624925.469971,0.0,1655,281356,75.897,0.004,83.049,0.973
1778624928.473643,0.0,1657,281356,85.229,0.000,89.363,1.120
1778624931.476203,0.0,1675,281356,85.261,0.000,89.400,1.116
1778624934.478944,0.0,1660,281357,83.923,0.004,82.472,1.021
1778624937.482449,0.0,1678,281357,69.252,0.000,72.887,0.830
1778624940.486904,0.0,1674,281357,70.562,0.004,74.868,2.254
1778624943.491319,0.0,1676,281358,69.231,1.320,74.608,0.920
1778624946.495015,0.0,1677,281358,74.575,0.009,76.998,0.913
1778624949.498769,0.0,1680,281358,65.252,0.000,69.225,0.850
1778624952.502400,0.0,1677,281359,78.572,0.009,85.131,1.062
1778624955.506465,0.0,1674,281359,85.218,0.000,89.352,1.009
1778624958.509110,0.0,1674,281359,85.258,0.004,89.261,0.959
1778624961.511823,0.0,1675,281360,77.263,0.000,74.691,0.883
1778624964.515552,0.0,1679,281360,70.579,0.000,73.974,0.952
1778624967.519257,0.0,1679,281360,70.580,0.004,75.771,0.929
1778624970.522944,0.0,1678,281361,70.580,0.000,72.297,0.816
1778624973.526670,0.0,1683,281361,65.252,0.004,68.018,2.144
1778624976.529896,0.0,1680,281362,71.923,1.319,82.259,0.790
1778624979.533488,0.0,1676,281362,85.231,0.009,89.367,1.050
1778624982.536215,0.0,1680,281362,79.927,0.000,77.664,0.916
1778624985.539963,0.0,1673,281362,58.593,0.001,63.649,0.656
1778624988.543682,0.0,1676,281363,51.936,0.008,52.811,0.495
1778624991.547853,0.0,1677,281363,70.569,0.000,73.993,0.800
1778624994.551503,0.0,1671,281363,79.903,0.004,89.363,1.040
1778624997.554160,0.0,1675,281364,85.258,0.000,89.396,1.004
1778625000.556802,0.0,1670,281364,85.258,0.000,86.072,1.031
1778625003.559490,0.0,1677,281364,75.932,0.004,72.381,0.897
1778625006.563363,0.0,1675,281365,13.316,0.000,20.343,0.161
1778625009.567000,0.0,1675,281365,81.235,1.195,89.371,2.265
1778625012.589849,0.0,1678,281365,48.960,0.000,44.670,0.553
1778625015.593279,0.0,1677,281366,62.595,0.013,66.133,0.814
1778625018.596986,0.0,1679,281366,73.243,0.000,73.121,0.872
1778625021.600637,0.0,1678,281366,71.912,0.004,83.899,0.955
1778625024.604275,0.0,1681,281366,83.898,0.000,89.368,1.089
1778625027.606899,0.0,1681,281367,85.259,0.003,89.394,1.099
1778625030.609647,0.0,1684,281367,81.259,0.001,75.686,0.897
1778625033.613399,0.0,1683,281368,71.910,0.003,72.907,0.865
1778625036.617573,0.0,1679,281368,71.900,0.001,76.258,0.861
1778625039.621311,0.0,1683,281368,67.915,0.000,70.740,0.809
1778625042.625133,0.0,1683,281369,69.245,0.009,73.179,2.042
1778625045.628882,0.0,1683,281369,67.915,1.182,78.077,0.836
1778625048.632441,0.0,1683,281369,81.237,0.013,89.366,1.074
1778625051.635068,0.0,1683,281370,85.259,0.000,89.391,1.011
1778625054.637732,0.0,1682,281370,85.258,0.013,81.719,0.972
1778625057.640429,0.0,1682,281370,75.932,0.000,75.632,0.814
1778625060.644174,0.0,1675,281371,67.915,0.000,71.042,0.772
1778625063.647854,0.0,1676,281371,69.248,0.004,74.062,0.853
1778625066.651420,0.0,1676,281372,69.251,0.000,72.873,0.856
1778625069.655223,0.0,1672,281372,67.914,0.004,72.436,0.873
1778625072.658959,0.0,1672,281372,75.905,0.003,88.468,1.040
1778625075.662620,0.0,1674,281372,85.229,1.195,89.376,2.255
1778625078.665245,0.0,1674,281373,85.259,0.000,79.077,0.993
1778625081.667815,0.0,1672,281373,74.603,0.010,75.176,0.948
1778625084.671727,0.0,1673,281374,69.243,0.000,76.655,0.916
1778625087.675652,0.0,1673,281374,69.243,0.000,71.278,0.777
1778625090.679368,0.0,1674,281374,71.911,0.004,72.259,0.804
1778625093.683114,0.0,1676,281375,69.247,0.000,73.819,0.866
1778625096.686884,0.0,1682,281375,71.910,0.004,87.959,0.940
1778625099.690688,0.0,1670,281375,85.225,0.000,88.227,0.903
1778625102.693383,0.0,1667,281376,83.925,0.000,73.468,0.861
1778625105.696845,0.0,1670,281376,69.253,1.191,75.593,2.184
1778625108.700552,0.0,1671,281376,67.916,0.000,69.940,0.787
1778625111.704563,0.0,1670,281377,66.578,0.008,70.450,0.781
1778625114.708316,0.0,1671,281377,63.920,0.000,69.177,0.779
1778625117.711512,0.0,1672,281377,74.587,0.008,89.377,1.072
1778625120.715122,0.0,1672,281377,85.231,0.000,89.365,1.074
1778625123.717778,0.0,1673,281378,85.258,0.004,80.188,0.844
1778625126.720577,0.0,1673,281378,70.601,0.000,70.604,0.722
1778625129.724278,0.0,1673,281379,65.253,0.000,69.963,0.787
1778625132.728037,0.0,1681,281379,73.242,0.004,75.304,0.838
1778625135.731773,0.0,1678,281379,70.579,1.187,71.890,2.070
1778625138.735512,0.0,1678,281380,71.910,0.008,78.925,0.922
1778625141.739249,0.0,1677,281380,74.574,0.000,89.360,1.000
1778625144.743046,0.0,1677,281380,77.236,0.008,80.986,0.961
1778625147.746816,0.0,1676,281381,33.292,0.000,17.705,0.145
1778625150.750543,0.0,1677,281381,66.584,0.000,80.041,0.817
1778625153.754264,0.0,1678,281381,78.569,0.004,89.364,1.071
1778625156.758051,0.0,1677,281381,85.226,0.795,89.361,1.815
1778625159.760710,0.0,1678,281382,85.258,0.009,78.511,0.921
1778625162.763372,0.0,1678,281382,66.608,0.001,65.740,0.677
1778625165.767323,0.0,1679,281383,63.916,0.004,67.147,0.627
1778625168.771019,0.0,1679,281383,63.921,0.007,66.563,0.715
1778625171.775265,0.0,1679,281383,69.235,0.000,79.526,0.908
1778625174.778877,0.0,1679,281383,77.240,0.668,89.368,1.656
1778625177.781528,0.0,1679,281384,85.258,0.000,85.608,0.912
1778625180.784245,0.0,1680,281384,79.928,0.007,69.376,0.753
1778625183.787896,0.0,1680,281385,66.586,0.001,71.075,0.784
1778625186.808870,0.0,1680,281385,67.528,0.001,70.213,0.803
1778625189.812541,0.0,1680,281385,70.580,0.004,73.512,0.856
1778625192.816318,0.0,1680,281386,66.583,0.000,76.678,0.886
1778625195.820066,0.0,1680,281386,74.573,0.004,89.358,0.956
1778625198.823656,0.0,1681,281386,85.231,0.000,89.363,0.936
1778625201.826251,0.0,1681,281387,85.260,0.003,73.163,0.792
1778625204.828963,0.0,1681,281387,65.274,0.001,66.544,0.690
1778625207.832638,0.0,1681,281387,62.590,1.187,64.989,1.868
1778625210.836609,0.0,1682,281388,50.600,0.008,63.446,0.561
1778625213.840254,0.0,1676,281388,77.239,0.000,89.362,1.000
1778625216.842881,0.0,1676,281388,85.259,0.007,71.178,0.707
1778625219.845639,0.0,1677,281389,70.602,0.001,70.578,0.686
1778625222.849371,0.0,1678,281389,66.584,0.000,70.528,0.760
1778625225.853159,0.0,1680,281389,63.919,0.004,70.979,0.790
1778625228.856865,0.0,1678,281390,65.253,0.000,74.237,0.714
1778625231.860466,0.0,1679,281390,74.577,0.004,89.363,0.987
1778625234.864411,0.0,1675,281390,85.221,0.000,87.727,0.965
1778625237.867043,0.0,1675,281391,85.259,1.190,72.461,1.967
1778625240.869728,0.0,1677,281391,70.603,0.005,72.792,0.814
1778625243.873440,0.0,1677,281391,67.916,0.007,70.169,0.701
1778625246.877218,0.0,1677,281392,70.578,0.001,72.255,0.768
1778625249.880877,0.0,1677,281392,65.254,0.004,71.455,0.652
1778625252.885062,0.0,1677,281393,67.905,0.004,89.346,1.039
1778625255.888602,0.0,1677,281393,83.901,0.004,89.369,0.998
1778625258.891233,0.0,1678,281393,85.259,0.000,76.013,0.866
1778625261.894181,0.0,1676,281393,71.929,0.000,69.051,0.707
1778625264.897907,0.0,1671,281394,66.584,0.004,67.618,0.672
1778625267.901643,0.0,1672,281394,71.910,0.000,75.056,0.780
1778625270.905358,0.0,1673,281394,73.243,1.191,76.768,2.131
1778625273.909070,0.0,1671,281395,67.916,0.000,82.361,0.856
1778625276.912793,0.0,1672,281395,74.574,0.008,89.363,0.968
1778625279.916014,0.0,1672,281395,85.242,0.000,76.809,0.756
1778625282.918734,0.0,1673,281396,75.931,0.004,69.357,0.744
1778625285.922451,0.0,1669,281396,62.589,0.004,70.655,0.740
1778625288.926302,0.0,1670,281396,70.576,0.000,67.359,0.723
1778625291.930120,0.0,1670,281397,71.908,0.004,76.570,0.855
1778625294.933853,0.0,1670,281397,69.247,0.000,86.099,0.960
1778625297.937499,0.0,1670,281397,75.908,0.004,89.363,0.996
1778625300.940107,0.0,1670,281398,85.259,1.188,83.531,0.988
1778625303.942778,0.0,1671,281398,81.261,0.000,67.510,2.000
1778625306.946583,0.0,1671,281398,67.914,0.008,71.622,0.810
1778625309.950338,0.0,1671,281399,61.257,0.000,67.519,0.698
1778625312.954145,0.0,1671,281399,47.939,0.008,67.319,0.502
1778625315.957777,0.0,1672,281399,82.567,0.000,89.268,0.983
1778625318.960440,0.0,1674,281400,85.258,0.004,66.363,0.665
1778625321.963184,0.0,1672,281400,69.270,0.000,71.515,0.765
1778625324.966886,0.0,1680,281400,70.580,0.000,72.663,0.792
1778625327.970577,0.0,1673,281401,54.599,0.004,63.385,0.669
1778625330.974342,0.0,1670,281401,63.920,0.000,83.652,0.787
1778625333.977995,0.0,1670,281401,82.566,1.195,89.373,2.198
1778625336.980613,0.0,1670,281402,85.259,0.000,72.196,0.841
1778625339.983365,0.0,1670,281402,74.598,0.008,71.041,0.815
1778625342.987059,0.0,1671,281402,71.911,0.000,72.613,0.736
1778625345.990745,0.0,1670,281403,59.926,0.001,65.660,0.684
1778625348.994441,0.0,1672,281403,66.585,0.004,76.003,0.867
1778625351.998170,0.0,1672,281404,74.574,0.000,89.362,0.962
1778625355.001810,0.0,1671,281404,78.571,0.004,89.363,1.003
1778625358.004485,0.0,1670,281404,85.257,0.000,75.257,0.886
1778625361.007165,0.0,1669,281404,82.593,0.004,73.753,0.849
1778625364.010252,0.0,1670,281405,70.594,0.000,74.053,0.866
1778625367.014365,0.0,1673,281405,70.570,1.187,73.141,2.110
1778625370.018064,0.0,1672,281406,59.926,0.008,65.777,0.729
1778625373.021899,0.0,1672,281406,67.913,0.000,84.901,0.964
1778625376.025655,0.0,1673,281406,74.573,0.008,89.360,0.929
1778625379.029249,0.0,1674,281406,85.231,0.000,84.901,0.930
1778625382.031885,0.0,1673,281407,85.258,0.004,72.142,0.783
1778625385.034545,0.0,1673,281407,71.936,0.000,71.532,0.776
1778625388.038743,0.0,1672,281408,69.236,0.000,71.699,0.730
1778625391.042435,0.0,1674,281408,62.590,0.004,64.250,0.615
1778625394.046259,0.0,1672,281408,58.592,0.000,82.332,0.832
1778625397.049888,0.0,1673,281408,78.572,1.193,86.580,2.174
1778625400.052520,0.0,1672,281409,85.259,0.000,66.808,0.621
1778625403.055271,0.0,1671,281409,71.934,0.008,74.259,0.808
1778625406.059011,0.0,1673,281410,69.247,0.000,69.625,0.763
1778625409.062807,0.0,1674,281410,66.582,0.001,71.663,0.813
1778625412.066485,0.0,1673,281410,69.248,0.007,77.937,0.865
1778625415.070045,0.0,1674,281411,73.246,0.000,89.366,1.054
1778625418.073965,0.0,1674,281411,73.238,0.004,58.036,0.620
1778625421.076779,0.0,1676,281411,66.604,0.000,69.014,0.760
1778625424.080430,0.0,1675,281412,63.922,0.000,69.232,0.740
1778625427.084130,0.0,1675,281412,54.599,0.004,71.836,0.633
1778625430.087865,0.0,1675,281412,73.242,1.187,89.369,2.162
1778625433.090482,0.0,1671,281412,85.259,0.008,75.230,0.828
1778625436.093116,0.0,1672,281413,85.258,0.000,74.679,0.851
1778625439.095800,0.0,1671,281413,66.607,0.000,69.599,0.694
1778625442.099488,0.0,1672,281413,61.258,0.009,64.194,0.689
1778625445.103178,0.0,1674,281414,67.916,0.000,73.827,0.874
1778625448.106884,0.0,1674,281414,71.911,0.004,89.359,1.029
1778625451.110609,0.0,1673,281415,73.242,0.000,89.359,0.994
1778625454.114171,0.0,1674,281415,85.232,0.004,80.479,0.889
1778625457.116768,0.0,1675,281415,85.260,0.000,70.699,0.753
1778625460.119459,0.0,1675,281415,70.603,0.000,71.944,0.763
1778625463.136662,0.0,1673,281416,70.264,1.187,72.664,2.084
1778625466.140370,0.0,1675,281416,69.248,0.000,71.049,0.788
1778625469.144046,0.0,1675,281417,66.585,0.010,79.712,0.912
1778625472.147750,0.0,1676,281417,69.248,0.000,89.361,0.995
1778625475.151377,0.0,1677,281417,79.903,0.004,85.049,0.860
1778625478.154038,0.0,1677,281417,85.258,0.007,74.593,0.755
1778625481.156688,0.0,1677,281418,82.594,0.003,72.052,0.744
1778625484.160301,0.0,1683,281418,69.250,0.001,73.511,0.715
1778625487.163850,0.0,1676,281419,66.588,0.000,70.165,0.776
1778625490.167703,0.0,1677,281419,67.913,0.004,73.309,0.834
1778625493.171399,0.0,1674,281419,69.248,1.187,87.563,2.231
1778625496.175115,0.0,1678,281420,70.579,0.008,89.361,1.019
1778625499.178641,0.0,1678,281420,85.233,0.000,77.121,0.725
1778625502.181258,0.0,1682,281420,85.259,0.004,73.137,0.764
1778625505.183835,0.0,1679,281421,55.952,0.000,66.782,0.613
1778625508.188383,0.0,1680,281421,70.560,0.000,63.501,0.659
1778625511.192055,0.0,1680,281421,62.590,0.004,76.954,0.824
1778625514.195804,0.0,1680,281422,69.247,0.004,89.364,1.029
1778625517.199404,0.0,1680,281422,82.568,0.004,76.798,0.698
1778625520.202079,0.0,1682,281422,82.593,0.000,64.757,0.612
1778625523.205676,0.0,1680,281423,70.582,0.000,71.235,0.737
1778625526.209736,0.0,1681,281423,65.245,1.195,71.669,1.978
1778625529.214158,0.0,1681,281423,70.563,0.000,74.399,0.834
1778625532.217960,0.0,1681,281424,67.914,0.008,87.960,0.906
1778625535.221735,0.0,1682,281424,70.578,0.000,89.362,1.038
1778625538.225367,0.0,1683,281424,83.898,0.004,78.484,0.875
1778625541.228019,0.0,1682,281425,85.258,0.000,65.179,0.681
1778625544.230723,0.0,1682,281425,53.285,0.000,70.000,0.772
1778625547.234400,0.0,1683,281425,61.258,0.004,54.469,0.553
1778625550.238036,0.0,1681,281425,55.932,0.004,75.792,0.752
1778625553.240678,0.0,1681,281426,85.258,0.004,68.210,0.699
1778625556.243391,0.0,1682,281426,66.606,0.000,72.028,0.793
1778625559.247078,0.0,1681,281427,59.926,1.187,62.888,1.827
1778625562.250785,0.0,1683,281427,73.243,0.008,113.377,1.293
1778625565.254527,0.0,1683,281427,70.579,0.000,73.384,0.792
1778625568.258268,0.0,1682,281428,71.910,0.004,71.668,0.804
1778625571.261834,0.0,1683,281428,83.900,0.000,88.259,0.948
1778625574.264510,0.0,1682,281428,85.257,0.004,89.391,0.988
1778625577.267248,0.0,1681,281429,75.931,0.000,78.933,0.854
1778625580.271554,0.0,1682,281429,66.571,0.000,71.127,0.747
1778625583.275294,0.0,1681,281429,67.915,0.004,72.783,0.828
1778625586.279063,0.0,1683,281430,70.578,0.004,70.620,0.688
1778625589.283530,0.0,1683,281430,62.573,1.191,66.129,1.897
1778625592.287184,0.0,1682,281430,82.566,0.000,87.226,0.935
1778625595.289790,0.0,1682,281430,85.259,0.012,89.394,1.073
1778625598.292546,0.0,1685,281431,74.598,0.000,77.351,0.735
1778625601.296225,0.0,1684,281431,57.263,0.000,60.414,0.647
1778625604.299834,0.0,1685,281432,71.913,0.004,74.325,0.775
1778625607.303682,0.0,1682,281432,67.913,0.000,72.394,0.764
1778625610.307399,0.0,1683,281432,69.248,0.004,73.291,0.751
1778625613.311086,0.0,1685,281432,85.229,0.000,89.067,0.800
1778625616.313804,0.0,1685,281433,82.592,0.003,86.599,0.974
1778625619.316756,0.0,1686,281433,65.269,0.001,68.038,0.779
1778625622.320447,0.0,1685,281434,63.921,1.194,68.381,1.890
1778625625.324113,0.0,1684,281434,71.912,0.008,72.016,0.744
1778625628.327867,0.0,1685,281434,57.262,0.000,62.480,0.577
1778625631.330508,0.0,1686,281434,85.258,0.004,89.395,0.875
1778625634.333264,0.0,1692,281435,67.938,0.000,70.047,0.706
1778625637.341467,0.0,1687,281435,67.815,0.000,72.128,0.795
1778625640.345436,0.0,1687,281436,70.573,0.004,72.791,0.732
1778625643.349202,0.0,1688,281436,66.583,0.000,71.016,0.744
1778625646.352906,0.0,1687,281436,71.911,0.004,72.817,0.822
1778625649.356474,0.0,1683,281436,81.237,0.000,87.925,0.995
1778625652.359116,0.0,1684,281437,85.258,1.196,89.398,2.176
1778625655.362100,0.0,1680,281437,79.921,0.003,79.555,0.960
1778625658.366245,0.0,1678,281438,66.575,0.005,73.584,0.824
1778625661.370024,0.0,1680,281438,70.578,0.000,72.701,0.807
1778625664.373745,0.0,1680,281438,66.584,0.000,70.445,0.708
1778625667.377607,0.0,1680,281439,69.244,0.004,70.881,0.839
1778625670.381402,0.0,1682,281439,73.241,0.000,79.652,0.865
1778625673.385011,0.0,1682,281439,85.231,0.004,89.367,0.936
1778625676.387607,0.0,1681,281440,85.260,0.794,85.456,1.791
1778625679.390392,0.0,1682,281440,71.933,0.000,74.975,0.887
1778625682.394096,0.0,1684,281440,65.253,0.012,70.915,0.745
1778625685.397789,0.0,1684,281441,65.253,0.000,66.219,0.728
1778625688.401533,0.0,1682,281441,63.920,0.004,65.913,0.712
1778625691.405668,0.0,1681,281442,74.564,0.007,83.379,0.957
1778625694.409218,0.0,1678,281442,85.232,0.004,89.365,0.974
1778625697.411937,0.0,1679,281442,73.267,0.792,75.474,1.500
1778625700.415478,0.0,1678,281442,65.256,0.000,64.009,0.635
1778625703.419188,0.0,1678,281443,66.584,0.012,72.787,0.784
1778625706.422892,0.0,1678,281443,69.248,0.000,71.681,0.825
1778625709.426615,0.0,1678,281444,69.247,0.004,73.536,0.841
1778625712.430217,0.0,1678,281444,82.568,0.662,89.367,1.695
1778625715.432881,0.0,1667,281444,85.258,0.012,89.391,0.948
1778625718.435568,0.0,1671,281444,79.928,0.000,77.417,0.779
1778625721.439250,0.0,1672,281445,66.585,0.000,72.001,0.767
1778625724.443081,0.0,1672,281445,69.245,0.004,69.612,0.776
1778625727.446843,0.0,1674,281446,65.252,0.007,72.522,0.788
1778625730.450498,0.0,1676,281446,61.259,0.004,65.935,0.714
1778625733.454152,0.0,1681,281446,83.898,0.000,89.367,0.950
1778625736.456882,0.0,1680,281446,82.591,0.004,80.781,0.831
1778625739.459845,0.0,1682,281447,65.269,0.000,69.439,0.655
1778625742.463569,0.0,1682,281447,65.252,0.000,68.712,1.980
1778625745.467237,0.0,1682,281447,70.580,1.193,71.426,0.766
1778625748.471270,0.0,1679,281447,34.620,0.001,43.418,0.467
1778625751.474905,0.0,1680,281448,30.630,0.020,23.744,0.206
1778625754.478536,0.0,1680,281448,77.240,0.000,89.363,0.902
1778625757.481192,0.0,1678,281448,85.258,0.005,89.395,0.948
1778625760.483851,0.0,1679,281449,71.936,0.000,69.373,0.700
1778625763.487555,0.0,1678,281449,57.263,0.009,58.551,0.603
1778625766.491254,0.0,1678,281449,58.594,0.004,60.565,0.637
1778625769.494971,0.0,1678,281450,67.916,0.000,79.637,0.845
1778625772.498543,0.0,1679,281450,85.232,0.004,89.360,0.881
1778625775.501234,0.0,1679,281450,82.593,0.000,79.048,0.932
1778625778.503922,0.0,1680,281451,67.939,0.000,70.421,1.901
1778625781.507631,0.0,1680,281451,59.926,1.193,63.143,0.670
1778625784.511314,0.0,1681,281451,63.922,0.005,68.068,0.713
1778625787.514998,0.0,1681,281451,66.585,0.012,76.843,0.714
1778625790.517591,0.0,1682,281452,85.260,0.000,89.396,0.960
1778625793.520247,0.0,1682,281452,67.940,0.000,60.281,0.639
1778625796.524158,0.0,1682,281453,58.590,0.004,62.997,0.648
1778625799.527885,0.0,1680,281453,62.589,0.007,63.760,0.557
1778625802.531713,0.0,1682,281453,66.582,0.004,81.071,0.809
1778625805.535275,0.0,1693,281453,85.232,0.000,89.365,0.966
1778625808.537865,0.0,1678,281454,79.931,0.000,77.528,0.782
1778625811.540532,0.0,1677,281454,66.607,0.004,65.384,0.657
1778625814.544214,0.0,1685,281455,65.253,0.000,68.645,2.098
1778625817.548229,0.0,1685,281455,53.262,1.330,56.605,0.495
1778625820.552121,0.0,1686,281455,75.902,0.000,89.355,0.940
1778625823.554721,0.0,1690,281455,85.259,0.009,85.257,0.842
1778625826.557451,0.0,1688,281456,66.606,0.000,63.129,0.625
1778625829.561270,0.0,1687,281456,65.250,0.004,69.190,0.749
1778625832.564949,0.0,1687,281457,66.585,0.000,69.427,0.785
1778625835.568585,0.0,1686,281457,62.591,0.010,70.505,0.706
1778625838.572141,0.0,1687,281457,79.905,0.000,89.366,0.919
1778625841.574730,0.0,1687,281457,85.260,0.004,83.378,0.872
1778625844.577513,0.0,1688,281458,63.941,0.000,62.038,0.607
1778625847.581236,0.0,1689,281458,21.307,1.051,33.377,1.385
1778625850.583776,0.0,1686,281458,85.261,0.010,78.196,0.845
1778625853.586468,0.0,1687,281459,67.939,0.005,70.871,0.758
1778625856.590580,0.0,1686,281459,49.266,0.009,51.928,0.515
1778625859.594283,0.0,1687,281459,59.926,0.000,67.142,0.707
1778625862.597934,0.0,1686,281459,78.571,0.005,89.360,0.937
1778625865.600707,0.0,1688,281460,78.594,0.003,75.656,0.714
1778625868.604459,0.0,1681,281460,62.588,0.008,59.507,0.554
1778625871.608248,0.0,1681,281461,65.251,0.000,69.320,0.675
1778625874.611957,0.0,1682,281461,59.926,0.004,63.639,0.611
1778625877.615032,0.0,1687,281461,74.590,0.000,89.381,0.795
1778625880.617677,0.0,1683,281461,85.258,1.193,79.806,2.064
1778625883.620401,0.0,1683,281462,67.938,0.000,68.866,0.729
1778625886.624171,0.0,1682,281462,67.915,0.000,70.629,0.757
1778625889.627791,0.0,1682,281463,66.586,0.008,68.929,0.731
1778625892.631192,0.0,1677,281463,58.600,0.005,69.292,0.664
1778625895.634817,0.0,1678,281463,79.903,0.008,89.365,0.989
1778625898.637443,0.0,1677,281463,85.259,0.007,80.078,0.799
1778625901.640180,0.0,1682,281464,70.602,0.000,70.501,0.742
1778625904.643775,0.0,1678,281464,63.923,0.004,64.470,0.704
1778625907.647305,0.0,1678,281465,66.588,0.000,69.414,0.757
1778625910.651376,0.0,1679,281465,61.250,0.004,73.054,0.686
1778625913.654335,0.0,1684,281465,78.589,0.000,89.384,0.936
1778625916.656919,0.0,1685,281465,85.260,1.323,84.784,2.282
1778625919.659629,0.0,1688,281466,70.603,0.001,63.176,0.732
1778625922.663342,0.0,1683,281466,70.579,0.000,75.607,0.769
1778625925.667096,0.0,1684,281466,63.920,0.004,64.267,0.602
1778625928.670752,0.0,1684,281467,53.268,0.007,69.687,0.661
1778625931.674402,0.0,1685,281467,82.566,0.008,89.364,0.850
1778625934.677033,0.0,1691,281467,85.259,0.000,78.226,0.871
1778625937.679882,0.0,1680,281468,54.615,0.660,57.676,1.209
1778625940.683595,0.0,1681,281468,66.584,0.010,63.499,0.667
1778625943.687267,0.0,1685,281468,65.253,0.007,70.557,0.754
1778625946.690837,0.0,1685,281468,69.251,0.004,87.567,0.892
1778625949.693541,0.0,1685,281469,69.271,0.000,65.650,0.572
1778625952.697305,0.0,1686,281469,63.920,0.000,56.505,0.476
1778625955.701081,0.0,1685,281470,65.251,0.004,69.776,0.768
1778625958.704646,0.0,1684,281470,62.592,0.000,76.188,0.810
1778625961.708301,0.0,1683,281470,79.903,0.004,80.092,0.679
1778625964.711047,0.0,1687,281470,69.270,0.000,64.655,0.658
1778625967.714906,0.0,1686,281471,62.586,0.000,67.231,1.920
1778625970.718649,0.0,1688,281471,62.589,1.202,63.459,0.625
1778625973.722495,0.0,1684,281472,61.255,0.005,82.047,0.716
1778625976.726794,0.0,1691,281472,85.211,0.000,84.967,0.872
1778625979.729536,0.0,1688,281472,81.259,0.009,72.313,0.821
1778625982.733279,0.0,1688,281472,65.252,0.004,67.968,0.641
1778625985.737102,0.0,1671,281473,69.245,0.000,72.016,0.802
1778625988.740764,0.0,1678,281473,39.951,0.004,60.191,0.598
1778625991.743382,0.0,1678,281473,85.259,0.000,82.574,0.897
1778625994.746195,0.0,1680,281474,69.268,0.000,61.837,0.508
1778625997.749892,0.0,1679,281474,49.273,0.004,54.728,0.453
1778626000.753638,0.0,1675,281474,69.247,0.000,69.162,0.712
1778626003.757286,0.0,1678,281474,67.917,1.198,89.210,2.080
1778626006.760038,0.0,1680,281475,85.255,0.000,84.893,0.911
1778626009.762747,0.0,1682,281475,81.260,0.004,69.995,0.736
1778626012.766407,0.0,1684,281476,57.263,0.009,59.317,0.600
1778626015.770119,0.0,1684,281476,65.253,0.000,68.684,0.668
1778626018.773973,0.0,1684,281476,54.597,0.004,74.627,0.713
1778626021.777569,0.0,1687,281476,82.568,0.000,89.365,1.039
1778626024.780253,0.0,1691,281477,78.596,0.000,65.652,0.591
1778626027.783458,0.0,1690,281477,65.264,0.800,65.455,1.477
1778626030.800086,0.0,1694,281478,58.343,0.008,59.239,0.534
1778626033.804553,0.0,1696,281478,53.254,0.003,77.516,0.683
1778626036.808216,0.0,1690,281478,85.229,0.004,87.197,0.951
1778626039.810956,0.0,1688,281478,75.931,0.007,63.563,0.620
1778626042.814603,0.0,1691,281479,57.264,0.000,59.202,0.565
1778626045.818327,0.0,1687,281479,54.599,0.004,58.248,0.540
1778626048.821985,0.0,1688,281480,67.917,0.000,89.275,0.985
1778626051.825585,0.0,1695,281480,85.231,0.004,89.365,0.947
1778626054.828271,0.0,1693,281480,82.593,0.000,65.573,0.613
1778626057.831232,0.0,1696,281480,58.609,0.007,63.259,1.891
1778626060.834913,0.0,1691,281481,57.263,1.199,56.298,0.570
1778626063.838588,0.0,1691,281481,59.927,0.000,83.013,0.906
1778626066.841892,0.0,1691,281481,82.576,0.017,87.977,0.836
1778626069.844545,0.0,1689,281482,83.926,0.000,72.899,0.818
1778626072.847284,0.0,1689,281482,63.942,0.004,59.674,0.501
1778626075.851017,0.0,1686,281482,57.262,0.000,62.226,0.588
1778626078.854746,0.0,1684,281483,63.921,0.004,74.744,0.831
1778626081.858463,0.0,1674,281483,71.911,0.000,89.363,0.943
1778626084.862082,0.0,1683,281483,85.231,0.004,85.660,0.998
1778626087.864678,0.0,1681,281483,79.931,0.000,65.369,0.642
1778626090.868419,0.0,1680,281484,65.252,0.000,66.950,0.623
1778626093.872163,0.0,1678,281484,66.584,1.199,69.156,2.002
1778626096.875751,0.0,1683,281485,61.260,0.000,70.373,0.740
1778626099.879596,0.0,1684,281485,67.913,0.012,89.356,0.973
1778626102.883465,0.0,1684,281485,65.249,0.000,58.688,0.671
1778626105.887141,0.0,1685,281485,66.585,0.000,59.013,0.587
1778626108.890877,0.0,1686,281486,63.920,0.533,63.937,1.192
1778626111.894597,0.0,1687,281486,65.252,0.000,86.459,0.890
1778626114.898200,0.0,1693,281486,79.904,0.010,89.365,0.890
1778626117.900834,0.0,1693,281487,82.594,0.000,67.534,0.653
1778626120.903457,0.0,1691,281487,59.948,0.397,60.708,1.001
1778626123.907829,0.0,1690,281487,67.901,0.008,66.590,0.584
1778626126.911511,0.0,1691,281488,61.258,0.000,73.310,0.762
1778626129.915089,0.0,1690,281488,69.251,0.402,89.367,1.277
1778626132.917744,0.0,1692,281488,85.258,0.000,75.212,0.664
1778626135.920429,0.0,1691,281489,67.939,0.009,61.476,0.606
1778626138.924127,0.0,1694,281489,50.604,0.001,53.204,0.535
1778626141.927790,0.0,1697,281489,65.254,0.398,78.262,1.266
1778626144.931347,0.0,1698,281489,71.915,0.010,89.369,0.909
1778626147.933970,0.0,1697,281490,85.259,0.000,79.342,0.906
1778626150.936641,0.0,1696,281490,83.925,0.003,71.725,0.769
1778626153.940288,0.0,1685,281491,66.586,0.399,69.361,1.164
1778626156.944032,0.0,1686,281491,63.920,0.000,67.124,0.697
1778626159.947732,0.0,1687,281491,59.926,0.010,69.971,0.727
1778626162.951396,0.0,1687,281492,70.580,0.397,89.366,1.440
1778626165.955023,0.0,1688,281492,81.235,0.008,89.363,1.006
1778626168.957651,0.0,1690,281492,85.259,0.007,65.106,0.685
1778626171.960401,0.0,1694,281493,67.938,0.000,68.049,0.708
1778626174.964073,0.0,1693,281493,58.595,0.402,68.895,1.162
1778626177.967746,0.0,1696,281493,62.590,0.000,66.093,0.691
1778626180.971449,0.0,1694,281494,66.584,0.010,89.360,0.930
1778626183.975031,0.0,1692,281494,85.232,0.000,80.596,0.920
1778626186.977700,0.0,1694,281494,78.597,0.003,64.960,0.667
1778626189.981431,0.0,1695,281495,62.589,0.001,66.113,0.701
1778626192.985181,0.0,1697,281495,69.247,0.000,70.395,0.814
1778626195.988895,0.0,1694,281495,55.931,0.004,75.426,0.721
1778626198.992620,0.0,1694,281495,74.574,0.000,89.361,0.894
1778626201.995226,0.0,1695,281496,85.259,0.004,79.177,0.931
1778626204.997958,0.0,1693,281496,74.599,0.007,64.637,0.743
1778626208.001551,0.0,1686,281497,55.933,1.187,57.018,1.833
1778626211.005797,0.0,1684,281497,62.578,0.010,67.322,0.637
1778626214.009596,0.0,1688,281497,70.577,0.000,89.361,0.991
1778626217.013533,0.0,1692,281497,77.232,0.004,89.356,0.994
1778626220.016124,0.0,1690,281498,85.260,0.000,72.557,0.671
1778626223.018870,0.0,1687,281498,63.941,0.000,54.983,0.523
1778626226.022573,0.0,1684,281499,61.258,0.004,61.990,0.568
1778626229.026432,0.0,1686,281499,59.923,0.000,78.604,0.757
1778626232.030195,0.0,1686,281499,70.578,0.004,89.359,0.922
1778626235.047398,0.0,1685,281499,84.847,0.000,76.137,0.859
1778626238.050107,0.0,1687,281500,75.931,0.009,68.772,2.000
1778626241.053880,0.0,1684,281500,53.266,1.190,57.915,0.547
1778626244.057648,0.0,1685,281501,41.281,0.004,64.963,0.458
1778626247.061327,0.0,1687,281501,85.229,0.007,80.509,0.930
1778626250.063945,0.0,1688,281501,83.927,0.003,67.293,0.751
1778626253.066822,0.0,1689,281501,65.271,0.001,68.340,0.714
1778626256.070531,0.0,1684,281502,67.916,0.000,69.365,0.698
1778626259.074299,0.0,1688,281502,59.925,0.004,71.993,0.712
1778626262.078044,0.0,1684,281502,67.915,0.000,89.360,0.954
1778626265.081701,0.0,1690,281502,81.234,0.004,87.458,0.948
1778626268.084252,0.0,1687,281503,83.929,0.000,62.969,0.643
1778626271.087024,0.0,1686,281503,57.280,0.000,62.310,1.814
1778626274.090748,0.0,1689,281504,57.262,1.198,55.421,0.497
1778626277.094496,0.0,1689,281504,67.915,0.000,89.364,0.912
1778626280.098143,0.0,1687,281504,74.576,0.010,89.367,1.050
1778626283.101818,0.0,1692,281504,85.229,0.000,66.935,0.717
1778626286.104422,0.0,1684,281505,78.598,0.003,69.651,0.675
1778626289.108486,0.0,1688,281505,61.250,0.001,67.525,0.721
1778626292.112211,0.0,1688,281506,65.252,0.000,66.545,0.755
1778626295.116043,0.0,1685,281506,62.587,0.004,86.816,0.922
1778626298.119677,0.0,1688,281506,73.245,0.000,89.364,1.031
1778626301.123859,0.0,1686,281506,85.215,0.004,75.203,0.886
1778626304.126553,0.0,1691,281507,75.932,0.000,68.376,0.750
1778626307.129235,0.0,1691,281507,53.286,1.188,51.626,1.673
1778626310.133045,0.0,1694,281508,62.587,0.010,72.927,0.815
1778626313.136691,0.0,1694,281508,63.922,0.007,71.054,0.758
1778626316.139420,0.0,1698,281508,66.606,0.003,59.181,0.599
1778626319.143144,0.0,1700,281508,58.594,0.001,61.093,0.576
1778626322.146831,0.0,1700,281509,57.263,0.000,76.791,0.698
1778626325.150501,0.0,1695,281509,73.244,0.004,82.160,0.734
1778626328.153146,0.0,1695,281509,85.258,0.000,69.579,0.700
1778626331.155886,0.0,1704,281510,71.934,0.000,68.654,0.764
1778626334.159626,0.0,1702,281510,61.257,0.004,62.870,0.622
1778626337.163299,0.0,1697,281510,70.580,0.000,74.249,0.797
1778626340.167052,0.0,1701,281511,62.588,1.198,89.371,2.206
1778626343.170729,0.0,1700,281511,74.575,0.000,83.779,0.786
1778626346.173413,0.0,1703,281511,81.261,0.005,62.354,0.714
1778626349.177646,0.0,1700,281512,62.578,0.007,60.471,0.595
1778626352.181376,0.0,1699,281512,61.257,0.004,63.089,0.578
1778626355.185129,0.0,1701,281512,59.925,0.000,87.780,0.813
1778626358.188765,0.0,1695,281512,75.908,0.004,83.781,0.888
1778626361.191484,0.0,1694,281513,73.267,0.000,84.606,0.844
1778626364.195207,0.0,1688,281513,67.916,0.000,70.864,0.762
1778626367.198910,0.0,1687,281514,61.258,0.004,65.211,0.730
1778626370.202598,0.0,1691,281514,59.926,0.000,63.040,0.605
1778626373.206214,0.0,1691,281514,78.572,1.203,79.366,2.139
1778626376.208825,0.0,1692,281514,85.259,0.000,89.395,1.056
1778626379.211385,0.0,1693,281515,73.271,0.008,77.706,0.783
1778626382.215062,0.0,1694,281515,42.614,0.008,48.294,0.504
1778626385.218768,0.0,1694,281516,61.258,0.007,62.723,0.654
1778626388.222363,0.0,1695,281516,78.573,0.000,80.799,0.894
1778626391.224977,0.0,1694,281516,85.259,0.004,89.398,1.046
1778626394.227682,0.0,1694,281516,81.260,0.000,84.660,0.908
1778626397.230426,0.0,1694,281517,15.985,0.000,18.572,0.155
1778626400.233984,0.0,1694,281517,73.246,0.004,75.538,0.879
1778626403.237639,0.0,1696,281517,85.229,0.000,89.361,0.900
1778626406.240343,0.0,1697,281518,73.267,0.005,76.372,1.952
1778626409.244313,0.0,1697,281518,66.579,1.194,69.711,0.745
1778626412.247988,0.0,1700,281518,67.917,0.005,71.802,0.844
1778626415.252159,0.0,1699,281519,63.911,0.001,65.142,0.742
1778626418.255913,0.0,1697,281519,69.247,0.010,74.456,0.803
1778626421.259492,0.0,1701,281519,85.232,0.000,89.368,0.983
1778626424.262158,0.0,1701,281519,81.261,0.003,83.808,0.919
1778626427.265872,0.0,1697,281520,67.916,0.001,72.526,0.787
1778626430.269605,0.0,1698,281520,67.915,0.000,69.566,0.771
1778626433.273374,0.0,1696,281521,67.915,0.004,71.026,0.782
1778626436.277561,0.0,1697,281521,62.579,0.000,66.130,0.732
1778626439.281208,0.0,1697,281521,78.571,1.191,83.785,2.130
1778626442.283822,0.0,1695,281521,85.259,0.000,89.397,0.977
1778626445.286415,0.0,1704,281522,73.270,0.009,75.211,0.802
1778626448.290713,0.0,1695,281522,57.251,0.001,59.828,0.555
1778626451.294410,0.0,1696,281523,61.258,0.007,64.843,0.690
1778626454.298148,0.0,1696,281523,66.584,0.004,69.519,0.775
1778626457.301730,0.0,1697,281523,82.568,0.000,88.096,1.053
1778626460.304294,0.0,1694,281523,85.260,0.004,89.401,0.903
1778626463.307022,0.0,1690,281524,74.599,0.000,76.120,0.789
1778626466.310735,0.0,1689,281524,38.619,0.000,38.451,0.399
1778626469.314450,0.0,1689,281525,65.253,0.004,68.982,0.772
1778626472.318102,0.0,1691,281525,77.239,1.187,84.580,2.060
1778626475.320751,0.0,1691,281525,85.258,0.010,87.722,1.061
1778626478.323463,0.0,1694,281525,66.606,0.000,68.637,0.733
1778626481.327082,0.0,1694,281526,65.255,0.000,67.904,0.706
1778626484.330774,0.0,1699,281526,58.595,0.004,62.051,0.577
1778626487.334243,0.0,1690,281527,65.258,0.007,71.218,0.698
1778626490.337744,0.0,1688,281527,85.234,0.004,89.370,1.067
1778626493.340281,0.0,1689,281527,85.261,0.000,86.603,0.924
1778626496.342995,0.0,1690,281527,67.939,0.000,67.809,0.774
1778626499.346741,0.0,1690,281528,67.915,0.004,73.069,0.808
1778626502.350475,0.0,1687,281528,63.920,0.000,67.034,0.743
1778626505.354164,0.0,1687,281529,59.926,1.191,63.954,2.000
1778626508.357736,0.0,1687,281529,81.237,0.000,88.419,1.037
1778626511.360272,0.0,1685,281529,85.261,0.010,89.402,0.967
1778626514.362978,0.0,1679,281529,79.928,0.000,76.977,0.836
1778626517.367081,0.0,1685,281530,55.924,0.000,65.389,0.697
1778626520.370809,0.0,1685,281530,71.911,0.004,70.403,0.805
1778626523.374547,0.0,1687,281531,63.920,0.007,65.859,0.724
1778626526.378227,0.0,1688,281531,69.248,0.004,78.858,0.911
1778626529.381809,0.0,1689,281531,85.232,0.000,89.367,0.912
1778626532.384434,0.0,1691,281531,85.259,0.004,84.668,0.995
1778626535.387194,0.0,1692,281532,66.605,0.000,67.463,0.703
1778626538.390839,0.0,1697,281532,55.932,1.187,60.737,1.936
1778626541.394736,0.0,1695,281533,65.249,0.010,68.452,0.719
1778626544.398896,0.0,1695,281533,67.906,0.000,76.192,0.894
1778626547.402598,0.0,1695,281533,85.228,0.004,89.364,0.897
1778626550.405268,0.0,1695,281533,85.257,0.000,83.806,0.950
1778626553.407857,0.0,1695,281534,70.606,0.000,72.246,0.806
1778626556.411521,0.0,1689,281534,67.917,0.004,71.145,0.762
1778626559.415247,0.0,1692,281535,61.257,0.007,63.288,0.638
1778626562.418966,0.0,1695,281535,61.257,0.004,67.039,0.689
1778626565.422629,0.0,1695,281535,79.902,0.000,89.366,0.946
1778626568.425270,0.0,1697,281535,85.258,0.005,89.393,0.947
1778626571.428044,0.0,1691,281536,71.933,1.188,68.899,1.983
1778626574.431783,0.0,1699,281536,59.925,0.009,63.058,0.685
1778626577.435522,0.0,1697,281536,62.589,0.001,65.946,0.632
1778626580.439295,0.0,1697,281537,69.246,0.004,70.904,0.757
1778626583.442944,0.0,1689,281537,77.239,0.000,88.679,0.987
1778626586.445555,0.0,1689,281537,85.259,0.004,82.969,0.897
1778626589.448270,0.0,1687,281538,63.942,0.000,65.322,0.723
1778626592.452016,0.0,1690,281538,59.925,0.000,62.530,0.587
1778626595.455714,0.0,1690,281538,53.268,0.010,57.478,0.601
1778626598.459314,0.0,1691,281538,78.572,0.000,89.222,0.818
1778626601.462073,0.0,1692,281539,78.594,0.001,78.230,2.040
1778626604.465801,0.0,1694,281539,58.594,1.196,56.834,0.536
1778626607.469443,0.0,1693,281540,63.922,0.000,68.185,0.665
1778626610.473404,0.0,1693,281540,54.595,0.007,64.888,0.627
1778626613.476989,0.0,1694,281540,85.231,0.000,89.365,0.858
1778626616.479723,0.0,1690,281540,79.927,0.000,74.515,0.764
1778626619.483860,0.0,1689,281541,63.912,0.004,66.529,0.676
1778626622.487556,0.0,1685,281541,55.931,0.000,59.360,0.525
1778626625.491244,0.0,1701,281542,62.590,0.012,67.722,0.650
1778626628.494898,0.0,1700,281542,78.571,0.000,89.368,0.965
1778626631.497540,0.0,1699,281542,85.258,0.004,80.498,0.796
1778626634.500275,0.0,1696,281542,63.942,0.000,65.380,1.894
1778626637.503955,0.0,1694,281543,59.926,1.187,63.632,0.639
1778626640.508234,0.0,1703,281543,59.915,0.010,62.492,0.606
1778626643.511833,0.0,1706,281543,71.914,0.000,85.506,0.864
1778626646.514578,0.0,1705,281544,82.591,0.003,79.630,0.776
1778626649.518280,0.0,1707,281544,57.263,0.001,56.521,0.529
1778626652.522047,0.0,1708,281544,58.593,0.000,60.757,0.505
1778626655.526359,0.0,1709,281545,62.577,0.004,71.198,0.703
1778626658.529974,0.0,1712,281545,79.904,0.000,86.608,0.803
1778626661.532653,0.0,1710,281545,79.929,0.003,72.869,0.709
1778626664.536357,0.0,1708,281546,51.936,0.009,55.401,0.536
1778626667.540115,0.0,1709,281546,59.925,0.000,65.083,1.879
1778626670.543861,0.0,1710,281546,63.920,1.198,77.531,0.765
1778626673.547506,0.0,1710,281546,85.230,0.000,89.365,0.967
1778626676.550230,0.0,1707,281547,81.260,0.007,76.444,0.826
1778626679.554001,0.0,1709,281547,58.593,0.000,59.239,0.600
1778626682.557694,0.0,1710,281548,66.585,0.004,66.412,0.673
1778626685.561440,0.0,1707,281548,63.920,0.000,67.504,0.699
1778626688.565091,0.0,1705,281548,71.912,0.004,87.891,1.028
1778626691.569302,0.0,1705,281548,83.882,0.794,89.357,1.846
1778626694.571920,0.0,1709,281549,85.259,0.000,79.908,0.925
1778626697.574610,0.0,1710,281549,69.271,0.014,67.576,0.767
1778626700.578324,0.0,1708,281550,66.584,0.000,69.276,0.746
1778626703.582006,0.0,1708,281550,61.258,0.014,65.559,0.734
1778626706.586287,0.0,1705,281550,62.577,0.000,75.176,0.819
1778626709.589935,0.0,1709,281550,81.235,0.004,89.361,1.068
1778626712.592601,0.0,1703,281551,85.258,0.000,86.302,0.961
1778626715.595324,0.0,1705,281551,79.927,0.000,72.173,0.811
1778626718.599010,0.0,1705,281552,67.917,0.004,70.256,0.772
1778626721.602740,0.0,1701,281552,61.257,0.000,66.223,0.767
1778626724.606462,0.0,1702,281552,63.921,1.191,65.960,2.008
1778626727.610185,0.0,1695,281553,67.916,0.000,85.960,0.885
1778626730.613810,0.0,1695,281553,85.230,0.010,89.367,1.001
1778626733.616524,0.0,1691,281553,85.256,0.007,77.597,0.838
1778626736.619290,0.0,1696,281554,70.602,0.000,68.179,0.734
1778626739.623212,0.0,1701,281554,61.253,0.004,68.894,0.759
1778626742.626880,0.0,1699,281554,65.254,0.000,67.860,0.717
1778626745.630659,0.0,1702,281555,67.914,0.004,74.968,0.900
1778626748.634260,0.0,1701,281555,75.909,0.000,89.362,0.897
1778626751.636900,0.0,1696,281555,85.258,0.004,82.327,0.979
1778626754.639633,0.0,1689,281555,74.599,0.000,68.632,0.789
1778626757.643154,0.0,1686,281556,63.925,1.187,66.611,1.976
1778626760.646862,0.0,1690,281556,61.258,0.010,65.208,0.715
1778626763.650607,0.0,1689,281557,63.920,0.000,74.735,0.838
1778626766.654247,0.0,1687,281557,77.240,0.004,89.362,0.991
1778626769.656875,0.0,1690,281557,85.259,0.007,79.522,0.839
1778626772.659626,0.0,1693,281557,74.598,0.000,71.346,0.792
1778626775.663287,0.0,1694,281558,61.259,0.004,65.173,0.706
1778626778.667191,0.0,1692,281558,62.585,0.000,66.000,0.691
1778626781.670861,0.0,1695,281559,66.585,0.004,75.451,0.929
1778626784.674544,0.0,1694,281559,75.907,0.000,89.359,1.025
1778626787.677187,0.0,1687,281559,85.258,1.192,89.397,2.313
1778626790.679703,0.0,1686,281559,83.930,0.000,70.043,0.836
1778626793.682990,0.0,1686,281560,61.266,0.009,65.293,0.749
1778626796.687632,0.0,1686,281560,66.564,0.001,68.642,0.772
1778626799.691289,0.0,1687,281561,65.254,0.004,68.071,0.730
1778626802.694980,0.0,1695,281561,66.585,0.000,85.418,0.937
1778626805.698583,0.0,1714,281561,82.567,0.010,89.364,0.980
1778626808.701298,0.0,1699,281561,82.592,0.000,70.431,0.771
1778626811.704995,0.0,1699,281562,63.921,0.000,65.278,0.712
1778626814.708695,0.0,1699,281562,66.585,0.004,69.805,0.730
1778626817.712372,0.0,1701,281563,70.580,0.000,72.024,0.827
1778626820.716098,0.0,1702,281563,65.252,1.199,79.946,2.143
1778626823.719770,0.0,1698,281563,77.239,0.000,89.361,0.900
1778626826.722420,0.0,1691,281563,85.258,0.007,77.075,0.814
1778626829.725231,0.0,1685,281564,69.268,0.000,65.236,0.622
1778626832.729074,0.0,1686,281564,66.581,0.000,69.115,0.812
1778626835.732752,0.0,1694,281565,63.922,0.004,68.955,0.785
1778626838.736440,0.0,1695,281565,66.585,0.007,77.126,0.883
1778626841.740002,0.0,1697,281565,74.578,0.004,89.363,1.037
1778626844.743503,0.0,1697,281565,85.234,0.000,82.998,0.821
1778626847.746160,0.0,1701,281566,83.926,0.003,72.150,0.827
1778626850.749248,0.0,1699,281566,63.934,0.001,70.445,0.804
1778626853.753011,0.0,1698,281567,66.583,1.187,69.745,2.048
1778626856.756645,0.0,1701,281567,65.254,0.012,69.091,0.738
1778626859.760389,0.0,1702,281567,62.589,0.000,82.430,0.785
1778626862.764003,0.0,1703,281567,83.899,0.004,89.363,0.938
1778626865.766624,0.0,1699,281568,85.259,0.000,74.354,0.854
1778626868.769362,0.0,1703,281568,69.270,0.000,66.342,0.731
1778626871.773138,0.0,1699,281569,62.588,0.004,65.284,0.730
1778626874.776663,0.0,1698,281569,66.588,0.008,70.042,0.811
1778626877.780784,0.0,1701,281569,63.912,0.004,81.473,0.917
1778626880.784355,0.0,1700,281569,78.573,0.000,89.362,0.914
1778626883.786977,0.0,1700,281570,85.259,1.196,78.546,2.159
1778626886.789623,0.0,1702,281570,74.601,0.000,68.406,0.788
1778626889.792466,0.0,1703,281571,67.936,0.008,68.465,0.731
1778626892.796231,0.0,1705,281571,59.925,0.001,65.777,0.709
1778626895.799901,0.0,1696,281571,63.922,0.004,76.333,0.867
1778626898.803564,0.0,1697,281571,74.576,0.000,89.366,0.984
1778626901.806150,0.0,1699,281572,85.260,0.004,79.309,0.947
1778626904.809504,0.0,1697,281572,73.251,0.000,63.010,0.620
1778626907.813211,0.0,1694,281572,66.584,0.001,68.512,0.757
1778626910.817165,0.0,1695,281573,63.916,0.009,70.002,0.781
1778626913.820906,0.0,1692,281573,69.247,0.000,76.646,0.830
1778626916.824608,0.0,1692,281574,69.248,1.195,89.369,2.278
1778626919.828222,0.0,1694,281574,83.899,0.000,89.363,0.971
1778626922.830951,0.0,1696,281574,82.592,0.009,70.854,0.808
1778626925.834053,0.0,1694,281574,63.934,0.000,57.231,0.626
1778626928.837813,0.0,1699,281575,57.262,0.398,65.774,1.186
1778626931.841546,0.0,1699,281575,57.262,0.010,74.272,0.675
1778626934.845274,0.0,1701,281575,79.901,0.000,89.364,0.900
1778626937.847893,0.0,1705,281576,85.259,0.004,75.753,0.906
1778626940.850631,0.0,1702,281576,74.599,0.007,68.305,0.815
1778626943.854355,0.0,1701,281576,58.594,0.000,61.524,0.653
1778626946.858114,0.0,1701,281577,65.252,0.004,66.758,0.729
1778626949.862389,0.0,1697,281577,63.909,0.000,85.157,0.972
1778626952.866004,0.0,1701,281577,78.572,0.004,89.365,0.947
1778626955.868615,0.0,1700,281578,85.259,0.000,71.119,0.837
1778626958.871307,0.0,1699,281578,73.268,0.000,68.802,0.745
1778626961.874938,0.0,1698,281578,58.596,1.198,61.858,1.918
1778626964.878644,0.0,1699,281579,65.253,0.000,70.418,0.781
1778626967.882295,0.0,1702,281579,67.917,0.007,85.325,0.980
1778626970.885744,0.0,1701,281580,75.913,0.000,89.371,1.045
1778626973.889341,0.0,1705,281580,85.231,0.004,83.201,0.972
1778626976.891955,0.0,1704,281580,83.927,0.663,67.521,0.754
1778626979.894834,0.0,1708,281580,67.935,0.005,71.017,1.551
1778626982.898445,0.0,1708,281581,65.255,0.014,68.948,0.825
1778626985.902144,0.0,1705,281581,67.916,0.000,71.169,0.808
1778626988.905833,0.0,1705,281582,69.248,0.402,85.039,0.996
1778626991.909584,0.0,1702,281582,71.910,0.000,89.366,1.396
1778626994.913203,0.0,1705,281582,85.230,0.010,83.200,0.987
1778626997.916008,0.0,1702,281582,82.589,0.000,68.287,0.813
1778627000.919111,0.0,1704,281583,66.598,0.000,65.224,0.726
1778627003.922811,0.0,1702,281583,62.589,0.004,68.087,0.685
1778627006.926474,0.0,1703,281584,43.946,0.661,72.705,1.267
1778627009.930211,0.0,1703,281584,78.569,0.009,63.856,0.699
1778627012.933887,0.0,1701,281584,43.946,0.001,46.122,0.373
1778627015.937593,0.0,1702,281584,47.941,0.010,68.774,0.502
1778627018.941446,0.0,1708,281584,85.224,0.402,81.988,1.240
1778627021.944049,0.0,1701,281585,85.259,0.000,67.782,0.753
1778627024.946725,0.0,1703,281585,70.604,0.010,72.160,0.854
1778627027.950814,0.0,1704,281586,58.587,0.000,64.820,0.779
1778627030.956138,0.0,1632,281586,61.225,0.004,70.714,0.822
1778627033.960035,0.0,1635,281586,65.249,0.000,89.357,1.069
1778627036.963454,0.0,1636,281586,85.236,0.004,83.810,0.936
1778627039.966108,0.0,1634,281587,85.258,0.000,69.516,0.796
1778627042.968934,0.0,1631,281587,65.272,0.000,65.597,0.693
1778627045.972671,0.0,1638,281588,66.584,0.004,68.814,0.787
1778627048.976334,0.0,1639,281588,55.932,0.000,69.774,0.695
1778627051.980481,0.0,1653,281588,70.569,1.198,89.356,2.238
1778627054.984115,0.0,1653,281588,82.567,0.004,87.972,1.008
1778627057.986743,0.0,1652,281589,85.259,0.007,72.390,0.846
1778627060.989489,0.0,1652,281589,73.266,0.000,65.328,0.715
1778627063.993263,0.0,1650,281590,66.583,0.000,69.272,0.803
1778627066.996998,0.0,1651,281590,62.589,0.004,68.133,0.755
1778627070.001197,0.0,1655,281590,67.905,0.662,83.772,1.663
1778627073.005180,0.0,1654,281591,70.573,0.010,89.353,1.091
1778627076.008817,0.0,1657,281591,85.230,0.000,81.633,0.977
1778627079.011468,0.0,1657,281591,85.258,0.004,72.308,0.844
1778627082.014231,0.0,1653,281591,58.613,0.397,62.358,1.049
1778627085.018005,0.0,1663,281592,59.925,0.000,54.643,0.464
1778627088.021663,0.0,1663,281592,51.937,0.277,86.574,1.077
1778627091.024371,0.0,1671,281592,78.596,0.004,57.271,0.574
1778627094.028059,0.0,1671,281593,61.258,0.005,58.057,0.583
1778627097.031679,0.0,1672,281593,54.601,0.267,63.436,0.886
1778627100.035377,0.0,1673,281593,61.258,0.008,89.364,0.825
1778627103.038958,0.0,1674,281593,85.232,0.267,70.866,1.076
1778627106.041646,0.0,1673,281594,71.936,0.000,62.751,0.629
1778627109.045397,0.0,1674,281594,71.910,0.010,75.034,0.916
1778627112.049170,0.0,1677,281595,67.915,0.265,68.505,1.051
1778627115.052831,0.0,1677,281595,57.263,0.008,80.345,0.834
1778627118.056420,0.0,1674,281595,71.914,0.267,89.368,1.233
1778627121.060104,0.0,1676,281595,85.229,0.010,74.743,0.886
1778627124.062891,0.0,1676,281596,82.590,0.000,68.779,0.757
1778627127.065674,0.0,1669,281596,62.609,0.007,63.770,0.707
1778627130.069412,0.0,1668,281597,57.262,0.004,61.377,0.651
1778627133.073119,0.0,1664,281597,62.589,0.000,88.833,1.024
1778627136.076866,0.0,1663,281597,75.905,0.004,89.364,1.071
1778627139.080455,0.0,1662,281597,85.231,0.000,76.930,0.942
1778627142.083092,0.0,1662,281598,85.258,0.004,68.534,0.853
1778627145.085788,0.0,1661,281598,69.271,0.000,70.513,0.864
1778627148.089470,0.0,1666,281599,63.922,0.000,68.087,0.812
1778627151.093341,0.0,1668,281599,63.918,1.191,73.454,2.088
1778627154.097060,0.0,1666,281599,69.247,0.000,89.362,1.068
1778627157.100797,0.0,1670,281600,74.574,0.010,89.363,0.974
1778627160.104133,0.0,1671,281600,85.239,0.007,70.040,0.830
1778627163.106873,0.0,1672,281600,74.599,0.003,65.332,0.643
1778627166.110563,0.0,1687,281601,67.916,0.001,66.872,0.794
1778627169.113483,0.0,1674,281601,61.274,0.000,68.076,0.722
1778627172.117145,0.0,1675,281601,69.249,0.004,87.199,0.985
1778627175.120430,0.0,1675,281602,69.258,0.000,89.372,0.990
1778627178.124181,0.0,1675,281602,83.895,0.004,79.463,0.927
1778627181.126741,0.0,1677,281602,85.261,0.001,70.735,0.807
1778627184.129485,0.0,1650,281603,73.266,1.186,67.699,2.012
1778627187.133196,0.0,1647,281603,65.253,0.010,110.585,1.307
1778627190.136960,0.0,1639,281603,67.915,0.000,70.276,0.785
1778627193.140658,0.0,1642,281604,63.921,0.402,68.855,1.236
1778627196.144302,0.0,1643,281604,70.581,0.000,69.561,0.802
1778627199.147851,0.0,1646,281604,85.232,0.010,88.441,1.067
1778627202.150442,0.0,1645,281605,85.260,0.000,89.396,0.972
1778627205.153005,0.0,1643,281605,74.603,0.398,79.554,1.398
1778627208.156698,0.0,1653,281605,62.590,0.010,68.744,0.766
1778627211.160485,0.0,1653,281606,67.914,0.000,67.388,0.730
1778627214.164263,0.0,1654,281606,67.914,0.401,70.731,1.243
1778627217.167534,0.0,1656,281607,69.258,0.000,71.940,0.797
1778627220.173073,0.0,1654,281607,83.845,0.008,88.457,0.950
1778627223.175675,0.0,1658,281607,85.259,0.000,89.396,1.052
1778627226.178393,0.0,1658,281607,67.938,0.000,70.422,0.802
1778627229.182341,0.0,1650,281608,59.921,0.004,65.886,0.762
1778627232.186026,0.0,1650,281608,66.585,0.007,67.418,0.794
1778627235.189697,0.0,1651,281608,65.253,0.004,69.161,0.796
1778627238.193391,0.0,1657,281608,81.233,0.000,84.595,0.896
1778627241.195981,0.0,1656,281609,83.928,0.003,85.658,0.985
1778627244.210359,0.0,1671,281609,63.695,0.001,66.711,0.686
1778627247.214078,0.0,1673,281610,62.589,1.189,67.052,2.008
1778627250.217835,0.0,1673,281610,66.583,0.010,68.936,0.760
1778627253.221556,0.0,1677,281610,70.579,0.000,72.174,0.810
1778627256.225347,0.0,1685,281610,78.567,0.010,86.089,0.938
1778627259.227989,0.0,1678,281611,85.258,0.000,89.395,1.056
1778627262.230723,0.0,1682,281611,75.931,0.000,76.560,0.813
1778627265.234437,0.0,1675,281612,62.589,0.004,67.176,0.766
1778627268.238204,0.0,1678,281612,63.920,0.792,68.822,1.601
1778627271.241901,0.0,1676,281612,63.921,0.010,67.303,0.794
1778627274.245538,0.0,1678,281612,74.576,0.000,77.625,0.920
1778627277.248123,0.0,1678,281613,85.260,0.010,89.395,1.028
1778627280.250914,0.0,1679,281613,75.929,0.399,75.988,1.325
1778627283.254612,0.0,1675,281614,61.258,0.000,66.889,0.743
1778627286.258291,0.0,1675,281614,67.917,0.014,69.366,0.810
1778627289.261789,0.0,1678,281614,50.608,0.398,55.884,1.007
1778627292.264410,0.0,1678,281614,85.259,0.014,88.730,0.964
1778627295.267154,0.0,1681,281615,69.270,0.000,70.113,0.839
1778627298.270895,0.0,1679,281615,63.920,0.000,68.634,0.818
1778627301.274642,0.0,1680,281616,69.247,0.004,71.183,0.767
1778627304.278356,0.0,1677,281616,66.584,0.000,70.420,0.845
1778627307.282400,0.0,1677,281616,71.903,0.004,77.783,0.863
1778627310.286015,0.0,1680,281616,85.231,0.000,89.366,1.097
1778627313.288651,0.0,1683,281617,85.258,0.004,89.395,1.076
1778627316.291324,0.0,1683,281617,70.604,0.000,71.358,0.742
1778627319.295090,0.0,1682,281618,67.915,0.000,69.780,0.818
1778627322.298811,0.0,1681,281618,66.584,1.191,68.719,1.988
1778627325.302506,0.0,1674,281618,67.916,0.000,73.025,0.799
1778627328.306270,0.0,1674,281619,69.246,0.010,74.607,0.943
1778627331.309969,0.0,1679,281619,83.897,0.000,89.363,1.009
1778627334.312592,0.0,1683,281619,85.259,0.004,89.385,0.964
1778627337.315295,0.0,1683,281620,74.599,0.000,72.019,0.832
1778627340.319186,0.0,1685,281620,63.917,0.000,69.245,0.826
1778627343.322907,0.0,1685,281620,63.921,0.004,67.816,0.763
1778627346.326645,0.0,1693,281621,69.247,0.000,69.272,0.803
1778627349.330489,0.0,1684,281621,69.245,0.004,79.138,0.937
1778627352.334064,0.0,1684,281621,85.232,1.187,89.370,2.222
1778627355.336707,0.0,1684,281622,85.258,0.010,83.411,0.962
1778627358.339419,0.0,1685,281622,69.271,0.003,71.450,0.886
1778627361.343149,0.0,1685,281622,65.252,0.004,68.448,0.757
1778627364.346875,0.0,1690,281623,54.599,0.004,60.328,0.607
1778627367.350177,0.0,1688,281623,70.589,0.000,73.883,0.871
1778627370.353091,0.0,1695,281623,81.254,0.671,89.403,1.775
1778627373.355696,0.0,1694,281624,85.259,0.000,89.395,1.010
1778627376.358434,0.0,1689,281624,78.595,0.005,73.937,0.902
1778627379.362159,0.0,1687,281624,62.589,0.000,66.677,0.736
1778627382.365290,0.0,1684,281625,62.601,0.004,67.246,0.682
1778627385.368979,0.0,1686,281625,67.916,0.000,69.848,0.789
1778627388.373010,0.0,1682,281625,69.240,0.672,79.787,1.712
1778627391.376637,0.0,1685,281625,85.230,0.000,89.370,1.073
1778627394.379226,0.0,1687,281626,85.260,0.010,86.602,1.002
1778627397.382577,0.0,1685,281626,67.924,0.000,65.247,0.795
1778627400.386235,0.0,1682,281627,61.259,0.397,64.922,1.083
1778627403.389949,0.0,1683,281627,63.921,0.008,68.377,0.734
1778627406.393643,0.0,1689,281627,69.248,0.267,72.371,1.154
1778627409.397231,0.0,1689,281627,78.573,0.010,89.365,1.029
1778627412.399775,0.0,1688,281628,85.261,0.265,89.399,1.299
1778627415.402413,0.0,1690,281628,82.594,0.000,77.669,0.983
1778627418.405158,0.0,1690,281629,65.274,0.008,69.452,1.093
1778627421.408841,0.0,1691,281629,67.917,0.267,70.267,0.779
1778627424.412908,0.0,1690,281629,62.582,0.010,64.132,0.720
1778627427.416615,0.0,1693,281630,63.921,0.272,75.990,1.096
1778627430.419838,0.0,1698,281630,83.910,0.008,89.375,1.074
1778627433.422472,0.0,1695,281630,85.258,0.267,89.397,1.311
1778627436.425145,0.0,1696,281631,79.929,0.000,73.398,0.855
1778627439.428805,0.0,1697,281631,63.922,0.010,69.642,0.832
1778627442.432631,0.0,1697,281631,66.582,0.265,67.244,1.111
1778627445.436317,0.0,1697,281632,67.917,0.008,70.324,0.796
1778627448.439550,0.0,1699,281632,65.263,0.267,76.932,1.143
1778627451.443192,0.0,1700,281632,82.566,0.010,89.368,0.968
1778627454.445826,0.0,1700,281633,85.258,0.265,88.888,1.260
1778627457.448599,0.0,1701,281633,79.926,0.000,71.424,0.862
1778627460.452290,0.0,1692,281633,66.585,0.008,71.061,0.834
1778627463.455630,0.0,1696,281634,65.261,0.007,70.025,0.826
1778627466.459271,0.0,1695,281634,69.249,0.004,72.663,0.806
1778627469.463704,0.0,1687,281635,63.906,0.000,72.808,0.806
1778627472.467307,0.0,1689,281635,81.236,0.004,89.368,1.054
1778627475.469924,0.0,1690,281635,85.259,0.000,88.147,1.045
1778627478.472629,0.0,1686,281635,78.596,0.000,71.654,0.811
1778627481.476743,0.0,1687,281636,67.907,0.004,71.119,0.786
1778627484.480430,0.0,1688,281636,65.253,0.000,69.639,0.814
1778627487.484177,0.0,1689,281637,65.252,1.191,67.686,2.008
1778627490.487796,0.0,1690,281637,67.918,0.000,78.624,0.905
1778627493.491365,0.0,1691,281637,81.237,0.010,89.369,0.987
1778627496.494007,0.0,1692,281637,85.258,0.007,85.907,1.064
1778627499.496769,0.0,1691,281638,77.262,0.000,70.580,0.845
1778627502.500540,0.0,1683,281638,63.920,0.004,68.541,1.479
1778627505.504277,0.0,1678,281639,66.584,0.662,68.857,0.754
1778627508.507979,0.0,1682,281639,62.589,0.010,67.006,0.759
1778627511.511749,0.0,1684,281639,70.578,0.000,85.987,0.975
1778627514.515317,0.0,1683,281639,85.232,0.004,89.367,1.066
1778627517.517923,0.0,1687,281640,85.259,0.397,79.597,1.350
1778627520.520699,0.0,1686,281640,71.933,0.000,69.867,0.831
1778627523.524549,0.0,1688,281641,66.581,0.008,70.197,0.781
1778627526.528269,0.0,1691,281641,61.257,0.000,67.415,0.691
1778627529.531691,0.0,1690,281641,65.259,0.004,70.450,0.776
1778627532.535385,0.0,1694,281642,75.907,0.007,89.361,1.028
1778627535.539014,0.0,1694,281642,85.230,0.004,87.069,0.877
1778627538.541733,0.0,1692,281642,79.928,0.000,71.097,0.837
1778627541.545539,0.0,1693,281643,69.245,0.000,73.527,0.889
1778627544.549270,0.0,1694,281643,65.252,0.004,66.749,0.756
1778627547.552973,0.0,1692,281643,66.584,1.189,70.872,2.104
1778627550.556593,0.0,1692,281644,66.586,0.010,77.522,0.867
1778627553.560201,0.0,1696,281644,78.572,0.000,89.365,0.955
1778627556.562802,0.0,1696,281644,85.259,0.004,83.721,1.023
1778627559.565548,0.0,1696,281644,79.927,0.000,72.218,0.784
1778627562.569271,0.0,1692,281645,69.247,0.000,73.161,0.834
1778627565.572990,0.0,1691,281645,66.584,0.004,70.056,0.789
1778627568.576974,0.0,1693,281646,65.247,0.007,70.758,0.800
1778627571.580674,0.0,1688,281646,70.580,0.004,76.951,0.889
1778627574.584856,0.0,1692,281646,74.563,0.000,89.351,1.007
1778627577.588350,0.0,1694,281646,85.234,0.004,89.369,1.095
1778627580.591079,0.0,1693,281647,81.259,1.189,69.750,2.109
1778627583.594746,0.0,1696,281647,62.590,0.000,66.964,0.751
1778627586.598384,0.0,1696,281648,71.913,0.014,72.885,0.841
1778627589.602096,0.0,1698,281648,65.253,0.398,68.553,1.175
1778627592.605078,0.0,1699,281648,69.264,0.010,79.372,0.857
1778627595.608480,0.0,1693,281648,75.914,0.000,89.372,0.974
1778627598.611102,0.0,1693,281649,85.259,0.004,87.866,0.969
1778627601.613848,0.0,1692,281649,79.927,0.402,68.568,1.214
1778627604.617589,0.0,1692,281650,62.589,0.001,65.359,0.697
1778627607.621232,0.0,1688,281650,67.918,0.008,70.090,0.867
1778627610.625181,0.0,1689,281650,66.579,0.398,71.157,1.243
1778627613.628448,0.0,1686,281651,70.590,0.010,83.859,1.027
1778627616.632097,0.0,1684,281651,78.571,0.000,89.366,0.898
1778627619.634722,0.0,1688,281651,85.259,0.004,86.602,1.015
1778627622.652578,0.0,1688,281652,83.503,0.396,71.877,1.205
1778627625.655395,0.0,1687,281652,66.604,0.000,68.536,0.812
1778627628.659006,0.0,1692,281652,66.587,0.010,71.109,0.811
1778627631.662719,0.0,1694,281653,67.916,0.000,68.804,0.791
1778627634.666622,0.0,1697,281653,62.585,0.004,79.605,0.902
1778627637.670250,0.0,1696,281653,78.572,0.007,89.364,1.044
1778627640.672890,0.0,1694,281654,85.258,0.004,83.908,0.967
1778627643.675517,0.0,1687,281654,82.594,0.000,70.010,0.775
1778627646.678917,0.0,1686,281654,65.259,0.000,70.563,0.799
1778627649.682630,0.0,1686,281655,66.584,0.004,69.432,0.761
1778627652.686362,0.0,1686,281655,65.252,1.187,67.152,2.000
1778627655.690124,0.0,1688,281656,67.915,0.010,85.823,0.945
1778627658.693783,0.0,1692,281656,78.571,0.000,89.362,1.115
1778627661.696398,0.0,1689,281656,85.259,0.009,81.716,0.926
1778627664.698990,0.0,1685,281656,81.263,0.001,72.177,0.872
1778627667.701701,0.0,1681,281657,67.939,0.000,70.892,0.836
1778627670.705442,0.0,1685,281657,63.920,0.004,68.218,0.789
1778627673.709107,0.0,1688,281658,66.585,0.000,69.984,0.814
1778627676.712847,0.0,1688,281658,66.584,0.004,83.918,1.037
1778627679.716488,0.0,1692,281658,79.903,0.000,89.365,1.052
1778627682.719127,0.0,1692,281658,85.258,0.004,79.334,0.955
1778627685.722117,0.0,1691,281659,74.592,1.188,66.311,1.918
1778627688.725853,0.0,1691,281659,67.915,0.000,70.102,0.775
1778627691.729679,0.0,1693,281660,65.250,0.010,69.519,0.810
1778627694.733443,0.0,1697,281660,63.920,0.000,72.247,0.793
1778627697.737143,0.0,1697,281660,69.248,0.010,89.364,0.982
1778627700.739632,0.0,1701,281660,0.000,0.000,0.010,0.006
1778627703.742164,0.0,1701,281660,0.000,0.000,0.007,0.001
1778627706.744549,0.0,1699,281660,47.962,0.000,27.164,0.320
1778627709.748209,0.0,1721,281660,37.288,0.000,62.225,0.744
1778627712.750713,0.0,1721,281660,0.000,0.004,0.007,0.011
1778627715.753046,0.0,1721,281660,0.000,0.661,0.014,0.699
1778627718.755520,0.0,1721,281660,0.000,0.000,0.018,0.001
1778627721.757873,0.0,1722,281660,0.000,0.010,0.011,0.017
1778627724.760303,0.0,1709,281661,1.332,0.000,0.012,0.001
1778627727.763888,0.0,1707,281661,83.900,0.007,89.367,1.040
1778627730.766585,0.0,1710,281661,0.000,0.003,0.011,0.018
1778627733.769088,0.0,1710,281661,85.262,0.001,72.257,0.807
1778627736.771637,0.0,1706,281661,0.000,0.004,17.153,0.184
1778627739.774457,0.0,1709,281661,0.000,0.000,0.010,0.006
1778627742.776998,0.0,1705,281661,85.261,0.000,63.392,0.728
1778627745.780379,0.0,1704,281662,65.260,0.000,68.206,0.792
1778627748.784069,0.0,1704,281662,66.585,0.004,70.761,0.810
1778627751.788108,0.0,1702,281663,61.251,0.000,66.673,0.715
1778627754.791708,0.0,1702,281663,65.255,0.004,88.463,0.950
1778627757.794291,0.0,1710,281663,82.596,0.925,86.611,1.978
1778627760.796925,0.0,1701,281663,85.258,0.009,71.226,0.807
1778627763.799628,0.0,1700,281664,63.942,0.009,65.673,0.711
1778627766.803332,0.0,1700,281664,63.921,0.000,62.850,0.688
1778627769.806925,0.0,1695,281665,61.260,0.004,71.192,0.821
1778627772.811224,0.0,1692,281665,67.903,0.000,89.346,1.016
1778627775.814804,0.0,1696,281665,83.900,0.004,88.749,0.994
1778627778.817473,0.0,1697,281665,0.000,0.000,0.633,0.014
1778627781.819944,0.0,1702,281665,0.000,0.000,0.010,0.006
1778627784.822426,0.0,1702,281665,0.000,0.000,0.004,0.001
1778627787.824861,0.0,1698,281665,65.280,0.000,44.979,0.565
1778627790.828647,0.0,1699,281666,65.251,0.793,66.783,1.578
1778627793.832351,0.0,1698,281666,70.580,0.010,70.347,0.820
1778627796.836084,0.0,1701,281667,65.252,0.000,86.011,0.959
1778627799.839668,0.0,1701,281667,74.578,0.010,89.365,1.010
1778627802.843776,0.0,1702,281667,85.217,0.000,78.789,0.992
1778627805.846493,0.0,1700,281667,79.928,0.003,70.647,0.831
1778627808.850224,0.0,1701,281668,58.594,0.001,58.595,0.616
1778627811.853928,0.0,1702,281668,62.589,0.000,64.972,0.728
1778627814.857658,0.0,1702,281669,65.252,0.004,84.480,0.919
1778627817.861297,0.0,1705,281669,74.576,0.000,89.366,0.979
1778627820.865102,0.0,1705,281669,85.225,1.191,81.164,0.976
1778627823.867796,0.0,1701,281669,81.260,0.000,65.265,1.949
1778627826.871502,0.0,1701,281670,66.584,0.009,69.454,0.775
1778627829.875206,0.0,1701,281670,66.584,0.001,68.837,0.743
1778627832.879223,0.0,1699,281671,65.246,0.010,72.769,0.817
1778627835.882862,0.0,1700,281671,67.918,0.000,89.366,1.069
1778627838.887722,0.0,1694,281671,78.539,0.004,89.331,1.077
1778627841.890344,0.0,1698,281671,85.259,0.000,72.852,0.860
1778627844.892974,0.0,1693,281672,75.933,0.000,65.815,0.748
1778627847.896664,0.0,1696,281672,62.590,0.004,66.149,0.766
1778627850.900349,0.0,1696,281673,65.253,0.000,71.087,0.837
1778627853.904087,0.0,1699,281673,65.252,1.191,81.625,2.190
1778627856.907784,0.0,1693,281673,71.911,0.000,89.364,1.076
1778627859.911355,0.0,1699,281673,85.232,0.010,84.040,0.943
1778627862.913988,0.0,1702,281674,83.926,0.007,63.361,0.762
1778627865.916697,0.0,1703,281674,67.939,0.000,70.863,0.766
1778627868.920543,0.0,1705,281675,66.581,0.004,71.773,0.803
1778627871.924288,0.0,1707,281675,61.257,0.000,67.478,0.678
1778627874.928058,0.0,1708,281675,66.583,0.004,89.359,0.999
1778627877.931669,0.0,1702,281675,79.904,0.000,89.366,1.065
1778627880.934303,0.0,1702,281676,85.258,0.004,70.951,0.803
1778627883.937039,0.0,1695,281676,79.927,0.000,70.497,0.809
1778627886.939888,0.0,1697,281677,63.939,1.188,67.688,1.966
1778627889.943559,0.0,1703,281677,63.922,0.010,69.482,0.826
1778627892.947280,0.0,1706,281677,66.584,0.000,78.926,0.893
1778627895.950976,0.0,1706,281678,66.585,0.004,89.366,1.018
1778627898.954527,0.0,1707,281678,85.232,0.007,82.099,1.019
1778627901.957149,0.0,1705,281678,85.259,0.004,69.914,0.853
1778627904.959836,0.0,1706,281679,66.607,0.000,64.930,0.755
1778627907.963383,0.0,1705,281679,70.583,0.000,72.370,0.832
1778627910.967508,0.0,1706,281679,65.244,0.004,68.219,0.750
1778627913.971725,0.0,1708,281680,63.910,0.000,89.349,0.976
1778627916.975260,0.0,1707,281680,74.579,1.193,88.257,2.216
1778627919.978132,0.0,1708,281680,85.252,0.000,73.153,0.827
1778627922.980990,0.0,1706,281680,78.592,0.014,66.183,0.752
1778627925.984933,0.0,1706,281681,63.916,0.000,70.081,0.773
1778627928.989606,0.0,1707,281681,67.894,0.000,69.458,0.799
1778627931.993258,0.0,1706,281682,55.932,0.004,79.728,0.844
1778627934.996784,0.0,1709,281682,74.579,0.010,89.369,0.974
1778627937.999595,0.0,1714,281682,85.253,0.004,73.783,0.859
1778627941.002141,0.0,1711,281682,83.929,0.000,69.448,0.818
1778627944.004965,0.0,1709,281683,69.268,0.000,71.154,0.808
1778627947.008639,0.0,1699,281683,61.258,0.004,69.970,0.819
1778627950.012216,0.0,1702,281684,71.914,1.189,73.192,2.157
1778627953.016297,0.0,1696,281684,66.576,0.010,89.355,1.018
1778627956.019841,0.0,1698,281684,73.247,0.000,89.366,1.050
1778627959.022409,0.0,1694,281684,85.260,0.004,73.485,0.895
1778627962.025045,0.0,1694,281685,85.258,0.000,73.623,0.866
1778627965.027684,0.0,1696,281685,66.608,0.000,68.442,0.775
1778627968.031475,0.0,1695,281686,69.246,0.004,70.806,0.813
1778627971.035147,0.0,1696,281686,67.917,0.007,72.644,0.810
1778627974.038841,0.0,1700,281686,67.916,0.004,87.900,1.047
1778627977.042520,0.0,1697,281687,69.248,0.000,89.363,1.090
1778627980.046131,0.0,1702,281687,85.231,1.191,79.621,0.992
1778627983.048713,0.0,1704,281687,85.260,0.000,71.289,2.065
1778627986.052020,0.0,1700,281688,74.584,0.009,69.200,0.751
1778627989.055802,0.0,1704,281688,65.251,0.001,68.078,0.796
1778627992.059429,0.0,1701,281688,63.923,0.000,69.321,0.799
1778627995.063116,0.0,1704,281689,67.917,0.004,89.364,1.008
1778627998.066693,0.0,1704,281689,69.251,0.000,88.272,0.948
1778628001.070568,0.0,1702,281689,85.223,0.004,74.462,0.879
1778628004.073194,0.0,1704,281690,85.259,0.007,105.398,1.180
1778628007.076023,0.0,1704,281690,67.936,0.000,71.233,0.780
1778628010.079525,0.0,1696,281690,63.925,0.004,67.654,0.763
1778628013.084164,0.0,1695,281691,65.232,1.187,70.068,2.031
1778628016.087794,0.0,1697,281691,65.254,0.010,66.985,0.795
1778628019.091396,0.0,1702,281691,78.572,0.000,81.533,0.948
1778628022.094008,0.0,1698,281692,85.259,0.004,89.393,1.030
1778628025.096626,0.0,1703,281692,75.934,0.000,81.166,0.983
1778628028.101291,0.0,1705,281692,66.563,0.000,71.571,0.826
1778628031.104957,0.0,1706,281693,66.585,0.004,68.105,0.818
1778628034.108654,0.0,1708,281693,65.253,0.000,70.618,0.856
1778628037.112356,0.0,1705,281694,71.911,0.004,70.460,0.818
1778628040.115901,0.0,1708,281694,79.906,0.007,84.912,0.979
1778628043.118526,0.0,1707,281694,85.259,0.004,89.401,2.279
1778628046.121167,0.0,1695,281694,79.930,1.188,81.812,0.952
1778628049.125472,0.0,1697,281695,62.577,0.000,68.143,0.841
1778628052.129211,0.0,1697,281695,65.252,0.012,67.850,0.776
1778628055.132868,0.0,1699,281696,67.917,0.000,70.313,0.821
1778628058.136929,0.0,1698,281696,67.908,0.004,72.192,0.794
1778628061.140441,0.0,1698,281696,82.570,0.000,86.536,1.067
1778628064.143254,0.0,1702,281696,85.253,0.004,89.387,1.087
1778628067.146050,0.0,1699,281697,78.593,0.000,81.305,0.903
1778628070.149762,0.0,1693,281697,66.584,0.000,72.139,0.878
1778628073.167327,0.0,1693,281697,68.930,0.004,69.770,0.809
1778628076.170978,0.0,1694,281698,63.922,1.196,68.244,2.022
1778628079.174619,0.0,1693,281698,67.918,0.010,70.691,0.883
1778628082.178179,0.0,1693,281698,79.905,0.000,84.405,1.006
1778628085.180931,0.0,1697,281699,85.255,0.004,89.395,0.994
1778628088.183497,0.0,1692,281699,83.928,0.000,84.786,1.047
1778628091.186787,0.0,1695,281699,66.594,0.000,71.237,0.878
1778628094.190462,0.0,1695,281700,66.585,0.004,70.210,0.816
1778628097.194040,0.0,1700,281700,67.919,0.000,69.193,0.788
1778628100.198839,0.0,1690,281701,55.911,0.004,62.058,0.679
1778628103.202205,0.0,1690,281701,85.238,1.056,89.379,2.192
1778628106.204833,0.0,1694,281701,85.259,0.010,85.787,0.998
1778628109.207698,0.0,1694,281701,67.935,0.005,70.524,0.849
1778628112.211230,0.0,1696,281702,58.598,0.001,66.902,0.803
1778628115.214808,0.0,1697,281702,67.919,0.004,69.621,0.824
1778628118.220203,0.0,1698,281703,67.878,0.000,68.512,0.729
1778628121.223900,0.0,1700,281703,78.570,0.004,85.499,1.030
1778628124.226466,0.0,1699,281703,85.260,0.000,89.395,0.980
1778628127.229050,0.0,1705,281703,79.931,0.000,80.035,0.946
1778628130.233227,0.0,1707,281704,67.905,0.004,70.970,0.848
1778628133.237477,0.0,1704,281704,66.572,0.000,71.075,0.848
1778628136.241069,0.0,1706,281705,70.582,1.191,72.451,2.126
1778628139.244332,0.0,1706,281705,58.603,0.000,62.996,0.628
1778628142.247918,0.0,1708,281705,82.568,0.010,89.323,1.033
1778628145.250545,0.0,1708,281705,85.259,0.007,89.393,1.058
1778628148.253129,0.0,1709,281706,77.267,0.000,73.708,0.907
1778628151.257177,0.0,1707,281706,63.914,0.004,68.751,0.751
1778628154.261347,0.0,1707,281707,66.574,0.000,70.127,0.742
1778628157.265013,0.0,1707,281707,62.590,0.004,66.110,0.767
1778628160.268627,0.0,1709,281707,70.582,0.000,78.770,0.890
1778628163.272164,0.0,1712,281707,85.233,0.004,89.367,1.006
1778628166.274753,0.0,1720,281708,85.260,0.005,84.388,2.220
1778628169.277359,0.0,1714,281708,71.938,1.183,72.239,0.975
1778628172.281641,0.0,1714,281709,62.577,0.010,67.779,0.744
1778628175.286261,0.0,1708,281709,67.895,0.000,71.644,0.779
1778628178.289832,0.0,1711,281709,70.583,0.004,72.064,0.862
1778628181.293437,0.0,1710,281710,67.918,0.007,78.741,0.906
1778628184.296954,0.0,1709,281710,85.233,0.004,89.367,1.084
1778628187.299860,0.0,1709,281710,85.251,0.000,87.237,0.977
1778628190.302557,0.0,1700,281711,74.600,0.000,73.223,0.823
1778628193.306751,0.0,1705,281711,63.911,0.004,66.121,0.743
1778628196.310363,0.0,1706,281711,62.591,0.000,65.612,0.739
1778628199.313842,0.0,1703,281712,65.258,1.191,72.959,2.148
1778628202.317441,0.0,1707,281712,74.577,0.000,81.715,0.979
1778628205.320982,0.0,1707,281712,85.233,0.010,89.364,1.079
1778628208.323600,0.0,1704,281713,85.259,0.000,83.898,0.939
1778628211.326200,0.0,1706,281713,69.273,0.000,69.000,0.785
1778628214.330044,0.0,1706,281713,66.581,0.004,70.599,0.811
1778628217.333781,0.0,1705,281714,63.920,0.007,67.080,0.772
1778628220.337249,0.0,1703,281714,65.258,0.004,68.961,0.794
1778628223.340820,0.0,1704,281714,75.910,0.000,87.337,1.042
1778628226.343416,0.0,1703,281714,85.260,0.004,89.396,1.035
1778628229.346049,0.0,1701,281715,78.598,0.000,74.092,0.938
1778628232.348866,0.0,1705,281715,69.268,1.189,70.840,2.059
1778628235.352601,0.0,1705,281716,63.920,0.014,68.490,0.761
1778628238.356356,0.0,1706,281716,65.252,0.000,70.118,0.802
1778628241.360015,0.0,1705,281716,63.922,0.004,73.967,0.874
1778628244.362512,0.0,1710,281716,0.000,0.000,0.005,0.006
1778628247.365005,0.0,1712,281716,0.000,0.000,0.004,0.002
1778628250.367519,0.0,1720,281716,0.000,0.012,0.017,0.027
1778628253.370059,0.0,1721,281716,0.000,0.000,0.006,0.007
1778628256.372673,0.0,1712,281716,2.664,0.000,0.005,0.001
1778628259.376158,0.0,1708,281716,82.571,0.000,89.366,1.092
1778628262.378707,0.0,1708,281717,85.261,0.673,83.810,1.627
1778628265.381356,0.0,1705,281717,70.604,0.000,68.956,0.739
1778628268.385018,0.0,1706,281718,59.927,0.000,63.091,0.632
1778628271.388759,0.0,1708,281718,70.579,0.007,71.185,0.778
1778628274.393175,0.0,1712,281718,58.580,0.000,70.449,0.786
1778628277.396839,0.0,1714,281718,81.234,0.004,89.361,0.954
1778628280.399443,0.0,1711,281719,85.259,0.000,86.394,0.977
1778628283.413391,0.0,1705,281719,75.648,0.000,69.905,0.797
1778628286.417093,0.0,1705,281720,63.921,0.004,68.774,0.767
1778628289.420877,0.0,1708,281720,61.256,0.000,64.035,0.721
1778628292.424482,0.0,1707,281720,66.587,0.004,69.585,0.763
1778628295.428232,0.0,1707,281721,73.242,1.194,87.924,2.335
1778628298.431256,0.0,1714,281721,85.247,0.010,89.380,1.076
1778628301.434182,0.0,1706,281721,82.586,0.000,78.872,0.938
1778628304.437203,0.0,1705,281722,65.268,0.000,63.240,0.746
1778628307.440848,0.0,1706,281722,66.586,0.004,68.655,0.795
1778628310.444351,0.0,1694,281722,63.925,0.000,71.347,0.845
1778628313.448014,0.0,1697,281723,69.249,0.004,75.374,0.928
1778628316.451006,0.0,1697,281723,78.588,0.000,89.382,0.989
1778628319.453626,0.0,1697,281723,85.259,0.004,88.002,1.008
1778628322.456343,0.0,1696,281724,77.263,0.000,68.128,0.795
1778628325.459949,0.0,1698,281724,59.928,0.000,64.641,0.734
1778628328.464088,0.0,1701,281724,62.580,1.191,64.056,1.928
1778628331.467794,0.0,1699,281725,62.589,0.000,72.670,0.832
1778628334.471437,0.0,1702,281725,78.571,0.010,89.361,0.987
1778628337.475399,0.0,1700,281725,85.221,0.000,89.352,1.087
1778628340.478031,0.0,1699,281726,85.259,0.003,76.483,0.945
1778628343.480717,0.0,1698,281726,69.271,0.001,71.109,0.896
1778628346.484297,0.0,1692,281726,65.255,0.000,70.291,0.734
1778628349.487860,0.0,1696,281727,69.251,0.004,69.774,0.815
1778628352.491491,0.0,1696,281727,61.259,0.000,69.851,0.774
1778628355.495132,0.0,1699,281728,75.908,0.004,89.362,1.008
1778628358.498579,0.0,1703,281728,85.235,0.004,89.368,0.922
1778628361.501198,0.0,1702,281728,82.595,1.184,70.249,2.015
1778628364.505396,0.0,1704,281728,66.574,0.010,69.882,0.858
1778628367.509099,0.0,1704,281729,65.253,0.007,69.154,0.798
1778628370.512997,0.0,1702,281729,63.917,0.004,68.188,0.818
1778628373.516679,0.0,1702,281730,70.580,0.000,79.996,0.948
1778628376.520920,0.0,1700,281730,77.224,0.671,89.351,1.712
1778628379.523532,0.0,1701,281730,85.259,0.000,84.779,0.965
1778628382.526392,0.0,1702,281730,78.592,0.007,70.562,0.786
1778628385.530129,0.0,1705,281731,63.920,0.000,69.671,0.792
1778628388.533778,0.0,1700,281731,69.249,0.000,70.692,0.757
1778628391.537537,0.0,1704,281732,69.247,0.004,71.377,0.804
1778628394.541245,0.0,1708,281732,62.589,0.662,79.778,1.638
1778628397.544924,0.0,1705,281732,82.565,0.010,89.360,1.043
1778628400.547544,0.0,1704,281732,85.259,0.007,80.777,0.994
1778628403.550234,0.0,1700,281733,73.268,0.000,67.409,0.747
1778628406.554361,0.0,1703,281733,66.575,0.004,69.605,0.782
1778628409.558373,0.0,1705,281733,61.251,0.000,68.748,0.824
1778628412.562110,0.0,1705,281734,69.247,0.004,70.943,0.897
1778628415.565835,0.0,1705,281734,71.911,0.000,89.359,1.066
1778628418.569372,0.0,1705,281734,83.901,0.004,87.971,0.974
1778628421.571971,0.0,1706,281735,83.927,0.000,69.716,0.874
1778628424.574544,0.0,1708,281735,63.945,0.000,67.036,0.733
1778628427.578270,0.0,1706,281735,66.584,1.191,72.165,2.088
1778628430.582079,0.0,1718,281736,69.245,0.000,71.490,0.848
1778628433.585765,0.0,1718,281736,65.253,0.010,78.503,0.902
1778628436.589401,0.0,1718,281736,77.240,0.007,89.363,1.001
1778628439.592025,0.0,1715,281737,85.259,0.004,83.668,0.982
1778628442.594742,0.0,1714,281737,75.931,0.000,67.344,0.796
1778628445.598492,0.0,1714,281737,69.247,0.000,69.915,0.748
1778628448.602196,0.0,1713,281738,66.584,0.004,70.205,0.742
1778628451.605904,0.0,1714,281738,65.253,0.000,69.658,0.791
1778628454.609659,0.0,1713,281739,63.920,0.004,86.072,0.914
1778628457.613586,0.0,1717,281739,85.222,1.187,89.365,2.307
1778628460.616194,0.0,1718,281739,83.927,0.009,70.710,0.828
1778628463.618905,0.0,1718,281739,67.939,0.001,68.873,0.766
1778628466.623152,0.0,1711,281740,65.241,0.000,71.049,0.770
1778628469.626818,0.0,1713,281740,70.580,0.004,69.476,0.707
1778628472.630566,0.0,1716,281741,57.262,0.007,77.379,0.846
1778628475.634140,0.0,1718,281741,81.237,0.004,89.362,1.030
1778628478.636781,0.0,1716,281741,85.258,0.000,84.619,0.982
1778628481.639426,0.0,1708,281741,82.594,0.003,68.772,0.827
1778628484.642851,0.0,1706,281742,61.263,0.001,66.722,0.773
1778628487.646569,0.0,1708,281742,65.252,0.000,68.711,0.760
1778628490.650274,0.0,1707,281743,63.921,1.191,68.700,2.006
1778628493.653967,0.0,1706,281743,67.916,0.000,89.362,0.959
1778628496.657765,0.0,1707,281743,85.225,0.010,87.198,0.997
1778628499.660377,0.0,1707,281743,85.259,0.000,72.084,0.804
1778628502.662987,0.0,1706,281744,70.605,0.000,70.909,0.730
1778628505.666581,0.0,1710,281744,67.919,0.004,69.794,0.791
1778628508.670808,0.0,1708,281745,63.910,0.007,69.039,0.725
1778628511.674503,0.0,1708,281745,61.258,0.004,77.831,0.836
1778628514.678138,0.0,1709,281745,77.240,0.000,89.364,0.955
1778628517.680717,0.0,1708,281745,85.260,0.004,78.222,0.933
1778628520.683418,0.0,1705,281746,71.935,0.000,64.717,0.732
1778628523.687120,0.0,1709,281746,66.584,1.190,68.491,2.002
1778628526.690794,0.0,1713,281747,73.244,0.014,75.437,0.905
1778628529.694376,0.0,1712,281747,63.924,0.000,70.644,0.834
1778628532.698080,0.0,1711,281747,67.916,0.004,89.360,1.023
1778628535.701688,0.0,1706,281747,82.567,0.000,89.362,0.932
1778628538.704310,0.0,1710,281748,85.259,0.003,71.152,0.871
1778628541.706957,0.0,1700,281748,73.269,0.012,70.932,0.830
1778628544.710668,0.0,1700,281749,59.926,0.000,61.482,0.686
1778628547.714386,0.0,1701,281749,61.257,0.004,66.251,0.701
1778628550.718571,0.0,1706,281749,69.237,0.000,87.669,1.004
1778628553.722172,0.0,1710,281749,77.241,1.191,89.368,2.305
1778628556.724801,0.0,1712,281750,85.259,0.000,76.673,0.886
1778628559.727444,0.0,1710,281750,79.930,0.010,71.075,0.824
1778628562.730830,0.0,1710,281750,67.923,0.000,73.093,0.840
1778628565.734554,0.0,1711,281751,65.252,0.000,66.865,0.775
1778628568.738264,0.0,1709,281751,63.921,0.004,69.797,0.768
1778628571.741994,0.0,1711,281752,65.252,0.000,89.358,0.978
1778628574.748253,0.0,1708,281752,83.825,0.004,87.889,0.943
1778628577.750857,0.0,1708,281752,85.259,0.007,72.884,0.869
1778628580.753544,0.0,1708,281752,75.932,0.000,69.828,0.803
1778628583.757299,0.0,1704,281753,65.252,0.004,72.468,0.820
1778628586.760947,0.0,1697,281753,66.586,1.187,68.090,2.014
1778628589.764648,0.0,1698,281754,65.253,0.010,75.625,0.848
1778628592.768297,0.0,1701,281754,67.917,0.000,89.359,0.957
1778628595.771919,0.0,1701,281754,85.230,0.004,81.973,0.870
1778628598.774507,0.0,1701,281754,82.595,0.000,65.571,0.630
1778628601.778296,0.0,1701,281755,62.588,0.000,68.286,0.785
1778628604.782458,0.0,1703,281755,65.243,0.004,66.214,0.704
1778628607.787164,0.0,1705,281756,65.231,0.000,75.399,0.863
1778628610.790836,0.0,1712,281756,70.580,0.004,89.366,1.029
1778628613.794466,0.0,1715,281756,79.903,0.007,88.541,0.962
1778628616.797085,0.0,1710,281756,85.259,0.003,70.941,0.836
1778628619.799802,0.0,1712,281757,66.606,1.189,61.410,1.933
1778628622.803491,0.0,1708,281757,62.590,0.010,66.145,0.738
1778628625.807166,0.0,1709,281758,67.917,0.000,70.480,0.789
1778628628.810830,0.0,1712,281758,67.917,0.004,89.362,1.056
1778628631.814532,0.0,1712,281758,75.906,0.000,89.361,1.081
1778628634.818087,0.0,1713,281758,85.232,0.004,80.042,0.891
1778628637.820738,0.0,1714,281759,79.929,0.000,63.078,0.636
1778628640.824214,0.0,1713,281759,62.594,0.000,68.748,0.762
1778628643.827818,0.0,1710,281760,67.918,0.004,69.158,0.797
1778628646.831501,0.0,1707,281760,67.917,0.000,76.454,0.890
1778628649.835185,0.0,1705,281760,69.248,1.191,89.369,2.297
1778628652.838752,0.0,1707,281760,78.573,0.000,89.364,1.071
1778628655.841340,0.0,1702,281761,85.260,0.010,78.574,0.945
1778628658.843921,0.0,1703,281761,85.260,0.000,69.765,0.818
1778628661.846553,0.0,1702,281762,66.608,0.000,69.789,0.807
1778628664.863899,0.0,1705,281762,63.632,0.004,68.880,0.814
1778628667.867537,0.0,1706,281762,66.586,0.000,70.900,0.810
1778628670.871226,0.0,1708,281763,69.248,0.004,88.672,1.043
1778628673.874813,0.0,1709,281763,74.577,0.000,89.365,1.005
1778628676.877386,0.0,1706,281763,85.260,0.004,75.426,0.857
1778628679.879981,0.0,1707,281764,77.267,0.000,68.133,0.766
1778628682.883728,0.0,1703,281764,63.920,1.189,62.203,1.915
1778628685.887389,0.0,1706,281764,65.254,0.010,69.196,0.754
1778628688.891071,0.0,1710,281765,65.253,0.007,82.551,0.927
1778628691.894766,0.0,1708,281765,70.580,0.004,89.359,1.041
1778628694.898316,0.0,1710,281765,83.901,0.000,85.969,0.962
1778628697.900894,0.0,1711,281766,85.260,0.004,69.775,0.845
1778628700.903545,0.0,1708,281766,78.597,0.000,70.860,0.795
1778628703.907635,0.0,1706,281766,66.576,0.000,70.894,0.745
1778628706.911670,0.0,1707,281767,61.251,0.004,68.298,0.737
1778628709.915307,0.0,1695,281767,69.249,0.000,81.057,0.883
1778628712.919072,0.0,1696,281767,66.583,1.191,89.363,2.240
1778628715.922701,0.0,1700,281767,83.898,0.000,85.250,1.007
1778628718.925344,0.0,1705,281768,85.258,0.010,70.974,0.842
1778628721.927991,0.0,1705,281768,74.601,0.004,67.931,0.794
1778628724.931638,0.0,1707,281769,66.586,0.003,69.352,0.802
1778628727.935602,0.0,1708,281769,61.252,0.004,65.381,0.725
1778628730.940257,0.0,1706,281769,66.563,0.000,87.936,0.992
1778628733.944753,0.0,1704,281770,71.892,0.796,89.337,1.035
1778628736.948895,0.0,1709,281770,85.216,0.000,78.205,1.754
1778628739.951508,0.0,1708,281770,85.259,0.010,70.776,0.824
1778628742.954248,0.0,1707,281771,71.934,0.000,71.028,0.808
1778628745.958015,0.0,1705,281771,65.251,0.000,70.457,0.782
1778628748.961676,0.0,1705,281771,69.249,0.004,69.518,0.839
1778628751.964868,0.0,1707,281772,59.936,0.662,86.926,1.764
1778628754.968588,0.0,1710,281772,74.574,0.010,89.379,1.054
1778628757.972119,0.0,1710,281772,85.233,0.007,74.936,0.913
1778628760.974862,0.0,1714,281773,81.259,0.000,66.080,0.738
1778628763.978878,0.0,1714,281773,63.914,0.004,65.456,0.757
1778628766.982626,0.0,1708,281773,65.252,0.000,70.464,0.826
1778628769.986356,0.0,1706,281774,63.921,0.004,80.570,0.958
1778628772.990125,0.0,1708,281774,66.583,0.000,89.358,0.962
1778628775.994027,0.0,1707,281774,85.222,0.004,78.472,0.926
1778628778.996660,0.0,1709,281775,85.259,0.000,69.454,0.773
1778628781.999208,0.0,1710,281775,70.607,0.000,69.545,0.720
1778628785.003390,0.0,1711,281775,65.242,1.195,66.653,2.047
1778628788.007013,0.0,1708,281776,67.918,0.000,73.353,0.823
1778628791.011480,0.0,1709,281776,65.236,0.010,89.336,0.974
1778628794.015196,0.0,1709,281777,71.911,0.007,89.362,1.060
1778628797.018806,0.0,1710,281777,85.231,0.004,89.360,0.995
1778628800.021445,0.0,1711,281777,85.258,0.000,89.389,1.069
1778628803.024165,0.0,1710,281777,67.938,0.000,75.297,0.879
1778628806.027891,0.0,1710,281778,66.584,0.004,70.793,0.866
1778628809.031629,0.0,1711,281778,70.579,0.000,71.271,0.749
1778628812.035333,0.0,1712,281779,69.248,0.004,72.000,0.847
1778628815.039059,0.0,1713,281779,70.579,1.189,72.458,2.055
1778628818.042646,0.0,1714,281779,81.236,0.014,85.006,0.960
1778628821.045387,0.0,1713,281779,78.595,0.000,82.403,0.976
1778628824.049063,0.0,1712,281780,51.936,0.000,55.737,0.663
1778628827.052875,0.0,1712,281780,66.582,0.004,68.477,0.792
1778628830.056607,0.0,1713,281781,65.252,0.010,68.467,0.793
1778628833.060187,0.0,1712,281781,78.573,0.004,82.381,0.924
1778628836.062799,0.0,1714,281781,85.259,0.000,89.392,0.965
1778628839.065763,0.0,1713,281781,75.925,0.003,79.191,0.962
1778628842.069508,0.0,1712,281782,59.925,0.001,65.744,0.757
1778628845.073264,0.0,1712,281782,67.915,0.000,69.236,0.760
1778628848.077443,0.0,1704,281783,69.237,1.195,70.277,2.086
1778628851.081259,0.0,1704,281783,69.245,0.000,72.999,0.795
1778628854.084937,0.0,1704,281783,73.244,0.009,78.188,0.859
